Column1,ID_Ref,Genbank Acc,Description (Sigenae annotation),Mean Males,StDev Males,Mean Females,StDev Females,Abs t value,df,Raw p value,Adj p value,ID,Row,Col,ProbeName,ContigName,GB_ACC,Description,SEQUENCE,Column1,Column2,Column3
,43,AM857422,hypothetical protein BRAFLDRAFT_127145 [Branchiostoma floridae],-0.78428334,0.12131013,-0.009902847,0.25763968,9.419974,15,1.09034545E-07,0.0034735135,43,1,43,CUST_26930_PI419289827,AM857422.p.cg.6,AM857422,hypothetical protein BRAFLDRAFT_127145 [Branchiostoma floridae],AAAGACTTTCCATCGTACGGATGGGACAATGAATATGGAGAGTTCTCCACCAAAGTCCCT,AM857422.p.cg.6,,ACAAAACTGCCGACTGGAAGTTTACGGATCCGACTCCTCTGTCCAGAAACTTACTTGGCTGCTTTGGCGAAAACACAAGGTCAGAAAATGCAGTCCAAAATTCTCACTGGCAACTTGACCTTCAAGTCTTTAAGGCCACCAGACCTGTCCAATTGTAGTAAAGGAGAGCTGTGTGAATATTTTGAGAACAGCTATGACCTGAACGAGAGCTTGTTCACTTCACTTAATGACGATTCTGTTTTTTACAAATGCCCAGACCGATTACGACTGCCACTGATCTTTTACTTTTGCCATACGGCAGTGGTGTATGTCAACAAACTAATGTTGGCCGGCCTCATTAAGGAACGAGTCAACTTGGAATTTGAGACCATGTTTGAAACAGGTGTCGATGAAATGTCCTGGGATGATACGGAGAACTACCGAATGGGTGGCAGTTACAAGTGGCCCTCACTGAGCTCCGTTATTGAGTACAGGAGAAATGTGCGTAACCTGGTCTTGAAGGTTATTCATGACACACCACTGGATCTCCCTGTCACAATGGAATCTCCATGGTGGGCCATTTTGATGGGCATTGAGCATGAAAGAATTCATCTGGAGACCTCCTCTGTGTTGACCCGTCAGCTTCCTGTTGAAATGGTCACCAAGCCAAAGGGATGGGTGTATGCTCCATTCAAATGTGGTGGTAAAGTGGAGGAAAATCCTTTGATATCTGTGGAGACACAAGATGTCACCTTTGGGAAACCGAAAGACTTTCCATCGTACGGATGGGACAATGAATATGGAGAGTTCTCCACCAAAGTCCCTGCGTT
,1313,AM864323,0,-0.2637138,0.08847732,0.19141228,0.15062729,9.025115,17,6.811068E-08,0.0021702787,1313,16,38,CUST_29180_PI419289827,AM864323.p.cg.6,AM864323,,CATTCACAAGTAATGATCATGTTTATTCATCAGTGACACAGCAGTGAGCATCTCTTTTTT,AM864323.p.cg.6,,TTTCCAAAGTTTATTATAGTTCTAAAATCTATAAAGTGTTCACTATATTATAAACTTGTTTTATGAAAATATATTTGTTCACCGAACTATTATCGTACACAAGCTAAACATAGTTTATTGTTTGGCTTACATAAAAACAATACTCATGAGCTATTATCACATATTAGATGATATTGTGAAAATTGTTTTTTGACAACATCATACTTGTTAAATAAGTGAATGCTGGTAAAATTAATGTTTTTTTCTTTTGGCAGTACTTAAAGGTTTTATAGATGTAAAATAAATGGAGTTGCAGATTTGAATTTATGTTAGGACAACAGAGAAAATTATTTTCGCTAATTGTTTTTGGTTTCCCTTTAATTTCATGTACAGTGTATACAAGTGCTGGTTGAACTAGCTAGCATCAGAAATGTTTTCCTGAACATCTTGCCAGACTTCATGTCAATTGTTGTGTTTTAATCACAACAGGAGATTTGTTTGATGTATGCTCTGTTAAGTTTAATTTACACATAGTGTAGAAATGTGGCATTGCTCATTGGACCTGTCTGTGTGGTGGGGTTGTAGCAAGAACTTGTAAATCTTCATTTTGTTGTATATTTTTGTAACAATAATGAGATGAGATCTGAAATGTGCAATACCTGCATTTTATAAAACAAATTTAACAGGGAAGCATTCACAAGTAATGATCATGTTTATTCATCAGTGACACAGCAGTGAGCATCTCTTTTTTTTGGCATCATTTGTCATCTTTTTTTAATATCTTTTCAAGACTTAATCCATGTAATATGTAGATTTTCGCATCGTTTGGTTTTATTATTTTTTTATGTATAATCTTTTTCTAATGTTGAATTTTATATATTTTAATATTCTATTTGGATATTCTGAATTATAC
,1567,DV736337,(sp:A3KPQ7) Transmembrane protein 2 OS=Danio rerio GN=tmem2 PE=3 SV=1,0.27059105,0.40337425,1.9182116,0.47754282,9.1304865,21,9.29492E-09,0.00029638715,1567,19,37,CUST_30004_PI419289827,DV736337.p.cg.6,DV736337,(sp:A3KPQ7) Transmembrane protein 2 OS=Danio rerio GN=tmem2 PE=3 SV=1,GGAGACACCAAATCTACCGTTTCTGTTCAACTTGGAGTGTGAAAGAAGAACTGTTTATTT,DV736337.p.cg.6,,GCTTTACGTCACTAGATGGTGACGACATCGTATTGTTTGAAGATCTTGACGGGTCTGTGACAGGAAGTGCCGGCAACTTTGTGGTCAAGCCACTTCCGATCCACATGACTGAACAGTGTGAGGAGATCGACAACTGGAAGATGGCCGTCTGCCCTCATCCATTTGGACAGGTTCGTAGCAATTTTGCCGGTAAAAATTCGGACCAAATCATCGTCACGCGTGATGACGACAGCGATGACCCTATTATGGCAGACAGGCGATCCTTCGCCCCATTCCCGACCATTCTCGGCGGCACACACAGTTACCTGGTCCGCAGCAACGCCGCCACGGCACCTAGGTGGTTTCGATTTGAGTTCTTGGGACTCACTTTATCTAAATATGCTTCCCTCGCTGTCTGTATTCCCCGACAGTCTACTCTTAAAATGGCCATGAAGGATCTGGTGACTGATAAGTGGGAACGAGGGGTGGCGGCCAACTCGTACAATGAATTCACATCAAGCCTTTCTCGAACGAGCTACTTTGTTGACCAGGAAGTCGGCGTTGTTTTCTTCAATGCCATGCACATACGTGAACGAGTTGAATCGGACAGAGGAAATTGTCTGGACGGCAAGTGTCCGTTTGTCGGTTTTAGCAACTCGGGCGGCGATAGAACGGACACCGACTGCAGTGAGCGGTTCTACGCAAAATACAGCAAGTCACCCGTTCTGCCCTCCCGGAAGAAGAGAGCAGTAGGAGTGACTTCCGCCGACAAATTTCCTGCCTCCAGAGCCACCCCTCCACAGGCCTGGGGAGCTGGAGACACCAAATCTACCGTTTCTGTTCAACTTGGAGTGTGAAAGAAGAACTGTTTATTTTTTTTAATAAATGAATTACACG
,1763,FP089838,0,-0.24860336,0.30564764,2.36001,0.33433762,19.94846,21,3.996803E-15,1.2756596E-10,1763,21,63,CUST_26629_PI419289827,FP089838.p.cg.6,FP089838,,ACTTCCTGAAATTGATGGAGACTGCAGACTTCTACAAATGCCCCGATGAAGGTGATTTAC,FP089838.p.cg.6,,ACAAAATTCCTGGATTCTTATTTCCGATGTGCCGCAATGAAGATTAACCAGATGGCTTTCTATATTTTACAAGAACAAGAGACTGCAATGGCCGCTGAAAAAGATAACACAATGTATACCGAAATACGACGCATTCTTGAGGCCGAGTTGACTGACCCTTCAGCCATCACCAAGGAAATCGTAAAGAAGAGTTTTGCGCATACCTACGACACCATTATGCCCAAGGTCAAACATTTCCAGATGAGAGGAATGGGTAAAATCTTTCGGAAAATGAGAATGTTTATGAAGAAAGCAGTAAGAAAAGGTTGGACCGTCGAAGAGTTGAAATCAAACTTCCTGAAATTGATGGAGACTGCAGACTTCTACAAATGCCCCGATGAAGGTGATTTACGGGAGT
,2520,CU990395,(sp:Q9UHN6) Transmembrane protein 2 OS=Homo sapiens GN=TMEM2 PE=1 SV=1,-0.05017759,0.4056267,1.5601702,0.4813424,8.862171,21,1.5367737E-08,0.00048993883,2520,30,55,CUST_12591_PI419289827,CU990395.p.cg.6,CU990395,(sp:Q9UHN6) Transmembrane protein 2 OS=Homo sapiens GN=TMEM2 PE=1 SV=1,CTGGAGACACCAAACTACCCTTTCTGTTCAACTTGGAGTGTGAAAGAAGACTGTTTATTT,CU990395.p.cg.6,,GGAACTACGCCATGTTCTACGAGATTTTTGAGAACTTTGCCTTCGGTAAAGTGACGGGGAATAGCGGCGTACGAGACGTTAGGCTCCATGACGCCTGGTCATTCATCATGAGGAAAGGAGATACCAGTACTTCCCAGGAGCTCTTGTTGAAGGACGACAAGAAAATACTAGCGCGGACCGCCGAGCTTTATCACTATGACAACGGTATCAAGTTCACTGCTCGCAGCTGGGTTCACGCCATTCGGCGAGGTGCTTGCTATTCCCGCGCAAAGAGCGCTAAAGCGGAAATTGCCGATCCTAAACTTGCTTTGACCGATGACGTCAGCTCCTGGAAAGTGGGCGACGAAATTGTTCTTCTGTCCACGGACTACGACCCTAAACAGGCTGAAGTGACCACCGTCAAACAGTGTGACGATTGCAGCGCCAACGAAGTCAGGATCAATCTGGAACCATTATTCACTCACTTTGGCGAAATAGTAAACGGCGTGGACATGCGCGGTGAAGTTGCACTGCTTAGTAGAAACATAAAAATCCGAGGGGCTCCGGCAACAAACAGCAAGACACTCGGAGGCCTTTCTCGAACGAGCTACTTTGTTGACCAGGAAGTCGGCGTTGTTTTCTTCAATGCCATGCACATACGTGAACGAGTTGAATCGGACAGAGGAAATTGTCTGGACGGCAAGTGTCCATTTGTAGGTTTTAGCAACTCGGGCGGCGATAGAACGGACACCGACTGCAGTGAGCGGTTCTACGCAAAATACATCAAGTCACCCGTTCTGCCCTCCGGGAAGAAGAGAGCAGTAGGAGTGACTTCCGCCGACAAATTTCCTGCCTCCCGAAGCACCCCCTCACCGGCCTGGGGAGCTGGAGACACCAAACTACCCTTTCTGTTCAACTTGGAGTGTGAAAGAAGACTGTTTATTTTTTTTAAAATTGATTTACACG
,3852,BQ426946,(sp:P60755) MAM domain-containing glycosylphosphatidylinositol anchor protein 2 OS=Mus musculus GN=Mdga2 PE=2 SV=1,0.5674632,0.3265703,2.2500536,0.4718553,10.1572485,19,4.0909747E-09,0.00013046936,3852,46,27,CUST_27685_PI419289827,BQ426946.p.cg.6,BQ426946,(sp:P60755) MAM domain-containing glycosylphosphatidylinositol anchor protein 2 OS=Mus musculus GN=Mdga2 PE=2 SV=1,CATTGGACACAGAACAAATTGCGTGATCTCGTCAAGATGTTACAGAATTTCTTTAAACAT,BQ426946.p.cg.6,,CAATTCTTATTCAGATTGGAAAATGGCTTCGCTTGATATATATCACCACATGAACGATACAATCGTTTTTGAAGCAACTAGAGGAAAATCATATTCAGGAGACATAGCCTTTAGATGACATTAAGTATACTCCAGGAAGATGTGCTTGCGACCTTATAATTTGTAAGAATGGAGGAACATGTGTGAATAAACAAAATGGAGGACTTTGTCAATGTCCCCCACAGTTTACAGGGAATCGGTGCGAAAAGAAAATGGGTCTTTTGGCGTCCTGTACTTTTGATGATGGCTCGTGTTTTTTGACTGATATTACTGGCCTAGATAGCATGGACTGGAAGATAACAAAAAAGCGTACTCCAAGCTCACGTACAGGTCCCAGTAAACCATTGGACGGGAACTACGCCTACATAGAGGCCTCAGGACGTAGGTCCGGAGACAACGCTATCCTCACCTCCGCCGTAACGTCACAACTTTCACCTAGCGGTCCATCCTGCCTCCGATTCTTCTACAACATGAATGGCCGTGACATGGGAACATTGGAAGTCTTCGCAGGTGAACGTAATTCAAAACAAAAAGTCTGGTCTATTTCCGGAAATCAAAATGATAAATGGAGCCCAGTGGGGGTAGATATTTTGCCTGCAAACGATCTTGTGATTATGATTGAGGCCATTCGTGGCAAGAGCTACCGTAGTGACATCGCCATAGACACGATTGAACTCTTTGATTCTCCTTGCTCGGCCGGTCCACAGCCTACCTGAAGTATAACGATCAAACAACTCCATATCAGAATTCTCTGTTAGACCCGGCATAAGCCATTGGACACAGAACAAATTGCGTGATCTCGTCAAGATGTTACAGAATTTCTTTAAACATTTTTAAACGATTTGTTTCTGTGATGAATTTGCTTGTTAGAGTATTAAAAAATAAAACGATCTTTGTTGAT
,4007,FP001859,0,0.300109,0.25693733,1.8620254,0.36589605,12.101678,19,2.246483E-10,7.167404E-06,4007,48,12,CUST_20331_PI419289827,FP001859.p.cg.6,FP001859,,ATGCCTGTGACGAAGACTATGGACATCAGAAAAGTTAATAAAATGCATATTTGTTTGGTG,FP001859.p.cg.6,,GGGGACCCATTTTACCAAGACTCGTCACATGATTGATGCCTATAGTCTCGTAGAATGGCGGATAAAAAAACTATCAGAATAAAAACAACATCGGATGGGCTTCACAAAGACCAAAGAGGGAAAAGCAAGGATGGGGAAATGTTCCAAATGGCAGTGGATATAGCACAGATTCGGCAGGAACAAGCTGAAATGGGTACAGATAAGGGGAAGAAACAAACACAACCGACACAGAAGGGTAAAGAGAACCCGAGGCAGAAGGGACAACCTTCAAAATAGTTTTGGTCCCTATCCAGTTTCTGGCAGTCCATCGCCGTGGTTATACCTGTCCGCCACTGTCTCACGCCATGCCATATCTACCCACTACTCTTCTACATGCCTGTGACGAAGACTATGGACATCAGAAAAGTTAATAAAATGCATATTTGTTTGGTGTTATTTTATATAAAAATTTTAAATGCG
,4685,CU987956,(sp:P91753) Mitotic apparatus protein p62 OS=Lytechinus pictus PE=2 SV=1,1.1025761,0.27436414,2.4684987,0.19735299,14.000329,19,1.8398172E-11,5.870489E-07,4685,56,10,CUST_11113_PI419289827,CU987956.p.cg.6,CU987956,(sp:P91753) Mitotic apparatus protein p62 OS=Lytechinus pictus PE=2 SV=1,GAGCCTAACCTAGAAAGGTTTTGTTTGAATTATCTAGTGCCTGCTAATAAACATGTTTCA,CU987956.p.cg.6,,GAGAAGAGGGAAGACGTGCAATAACATCATGGCAGAACAGGCAAGGGAATATGTGTGGGCCTGTGAACTAAGCAAAGAAAAACCCACATTCGTTTTTTCCTTCCAAGAAGAGGATGAAGATGAAGACTACCTCATTCACACGTTATTCCTTAAAAATGCTGTCCTGGGTGGCCCAGCGGTGGAAAGCGAGAGGAATTTGATCCAGATGGAAACCAAGGACTCCAACAGGAAAGACCTAAAGGCCCCCATTGTCTCCCTGACCCTGGGCAAAAAGGACATGTGTGCACTAGATTTAAGTTTTGGAGAAGAGGTGACGTTTAGACTGGTGGAAGGATCAGGGCCTGTCTTCCTCTCTGCCCAGGAACTTGTGGAATACCCGGAAGATGGAAACCTCAGCCAGGAAGAGGACACGGAAGATTACACAGACACAGAAGAGGATGAGCTGAAGGGAACGGAGGAAGAAGACGAACTGGAGTCGCCCAAGAAGGAGGCCAAAAGTAAGAAGAGGAAGGCGTCGGCAGTCAAGGGCAAGGGCACAGCCAAGAACAAAAAGAAGGCAACCGAATCGGAAAGTGAGGAGGAGGAGTCTGAGGATGAAGACGAGGAGATGGAGAGTGAGGAGGAAGAAGAGGAAGATGACGAGGAAGAGGAAGAAGAGAGCAGTCCAGAGAAAAACAAAAGTTCAAGAAAGGACAGTGCGAAGGGTGGAAAGAAGGTCGCCAAAAAAGGCAAAGTTGTCAAAAAGGGCAAAAATAATCTTGGGAGAGCCTAACCTAGAAAGGTTTTGTTTGAATTATCTAGTGCCTGCTAATAAACATGTTTCACACTCT
,4969,FP000833,(sp:P11602) Lipoprotein lipase OS=Gallus gallus GN=LPL PE=1 SV=1,-0.079344995,0.15633899,2.018079,0.5001547,13.865301,13,3.628545E-09,0.00011572518,4969,59,39,CUST_19942_PI419289827,FP000833.p.cg.6,FP000833,(sp:P11602) Lipoprotein lipase OS=Gallus gallus GN=LPL PE=1 SV=1,GGAACATGTTCAATGGGAAAATAAGTGTTATAGCCAGCAGTGTTGGTTGCAGCCACTCTA,FP000833.p.cg.6,,GGGGAAATCAACCGGGGTGCAAACGTAACTGGTGGGACAACATATGGAACATGTTCAATGGGAAAATAAGTGTTATAGCCAGCAGTGTTGGTTGCAGCCACTCTAGGGCTATCCACTTTTTCATCGAGTCCATTAACACGTCCTGTAAATTCACGGCGTTTCCCTGTAAATCATACTTGAGCTTCTACACCGGAGCCTGTGATAAGTCATGCAAGAACGGCTGCAACAGAATGGGCTACCATGCTAGCAAAACGGCAACCGGGATTTTTTACCTGAAAACAAATGCTGCCGCGCCTTATTGCAAAAACTAAATAAATAATTATTGTTTGTACGTATATGTATCTAGTGCTTGACTGTTTAATAAAACGCAAATTGTTG
,5674,AB084783,(sp:P18948) Vitellogenin-6 OS=Caenorhabditis elegans GN=vit-6 PE=1 SV=5,-0.08953792,0.2069803,2.1434226,0.70477533,10.530674,12,2.042679E-07,0.0065049115,5674,67,64,CUST_28267_PI419289827,AB084783.p.cg.6,AB084783,(sp:P18948) Vitellogenin-6 OS=Caenorhabditis elegans GN=vit-6 PE=1 SV=5,AACCACAAACCGCCTCCGGCAAATCTGAAGACCAAATAAAAGAAATTCAGAGAATTATGC,AB084783.p.cg.6,,TTACACGGCAGAATGTTGCTTCTGCTTGCGGTCTCAACAGCCCTGGTGGCGGCAGCCGCCCAGACTCCCAGTCAAGCCTATGAAAGCAATAAGGAATACCTGTATGAGTATGAAACACAAGCACTTACCGGAATACCTATGGGGAGCACGATTTATTCCGGAATGAAAATGAAGTCCGACGTCAGGATCCAGTTCCGGTCCCGCTCGTCCGCTACCTTGAAGATGGACAAGTTGACCTTTGCAAAGATCAACGACCCTATAGAGTCGGTGGACCCGACCCAGCAGCAGGTGCCCGCGGAGATGTTCCAGCCCCTTACGGGGAGGGATGCCGAGCAGATGCTGACGGACCTGTCCAGACCTATCAACTTCAGGTACGTCCGCGGCAACGTTAAGGATATCCACCACGAAGCAGACGATCCGGAATGGTCCGTTAACGTGAAGAAAGGTCTGCTCAGTATGCTGGAGATGAACCTTGAGAAGAGGAAGGAACTCAGAAAAAGCGGCGTGATTCCGCAAGTTCTCCGTCCGCAGTCTTCTGACGAAGGTTCAATGTTCACAGTCATGGAGCCCAGCATCGTCGGGGAGTGTGAGACGCTGTACAGAATCAGTCCTTGGACCTCCACCAGTGCTAATCCATGGATGCATATCACAAAAGTCCGGAATTACCAACACTGTCTGGACAGGCCAAAGTACTTCGGCTCTATGTTCCATTTACGACAGTGCGCCGAATGTGTCAGGGAGCAGTCGGAACCGCTGAGATCCGCCTCACAGATCAGATACACCCTCCGTGGAAACATGCGACAGTTCCAGATCCAAAGCGCCATTGCAGAGAGCCAACACGTGTTCACACCGTACTCCGCCAAAGGAGGACATGTTGCTACCTATCTCAATCAGACCCTGAATTTAGTCAAAGAGGAGGATGTGAAGACCAGTCTCTCAGAGCCGCAAAGCCCAACAAAAGTCAAGTCTGGATTGCAGTACACGTCCCGCGAGCTGGAGATGAGAGACTCCTCGAGCATCTTGCAGCAGTCCAGTGACAGCCTGTCCACGGACAAGTCGTCTCCAGAGTCGCCACAACATTCATCGTCATCATCCAATCATCATCCATCACCCCAGCCTCCCAGTCCGCAGCCAAAAACGACGAGCAATCAGGCGGCGGATAGGATTAGAAAGTTGTTGAAAATGTTGGAGGTGTTTATGAAACCAACCATACAACCCGAAGCAGGTCCGCTCTTGATGTCACTATTAGAGGAGATCCGAACGGCTGATTCTGAGAGCCTAAGAGCGGTATATCGAGAATGTTCCAACGGCGAAACAGCAGCAACAGTTCAAGATGCTGATGGACATCCTTCCATCTGCGGAACTACTTCCGCTACAGAAGTCCTGGTGGACTCCATCCTCAACGACCAGCTCCCACAGTCCGAGGCTGTCGTGGCTCTGGGCATTCTGTCTCTCTCTGCCAGGCCAGATGTTCTGATTGCCAAGAAACTTCTGGATCTGACAAGAAGCAGCCAAGTTTCAAAGGACAGATATTTAAAAAGAGCTGCTTTCTTATGCTTGGGATCAGTAGCTGGAATGCTGAGAGAAGAAGGATGGAGAAGATCTCGTGAAATTTCACGCCAAGAGGAAATTGTCAAAACACTGATTTCCCAGGAATCGCGGTCACAGACTAGGAATGAATTAAAATCAAAGAAAAGAGAGTTAGAAGACTTGAAGAAGCGAGAACATAGTATCAAGACAAAAATAAAGCAGGAAATTGTGAAGGAATTACAAATGTTGATGAGGTCTACTGTTTTTGACGACAAAATACTGAGCTTCAAGACAATTGGTAACGCTGGACTTTGGGAAATGATCCCAACCATTCGAACATATATACAGGATAAATCTCAGCCGCAGGTGCTCAGAACCCAAGCTATTTACAGCTTGCGAAAACTTGCCCGTCATTACCCAGACGATATTCAGACAACGTTGCTGCCTCTTTATTTCGACCAATCAGAGAAGGAGGAGGTGCGGATTGGTTCTTACCTCGTGATGACGTTCACCGAGCCCTCCCGCCAGCTTCTGGAGATGGTGGCTCAGTCCCTCCACAGGGAGAGGAATCCCCACGTCGGAACATTCGTCTACACACATCTAGAACAAATGTCCAACAGTACTTACCCGTGCCTCATGTCCTGGGCAAAGAACGCTAGCTTTGCTATGAGATTTGCCAAGAAGTTCAGCCCCATGTATCATTACTCGAGGTTCATGCATCTTTCTGGATTTAATGAAATGCACAAGATGGGAGCAGCAGCCGAACTTGGTCTTGTTACCACCCCGGAAGAATTCATCCCACGTGCTGGTGCCGTTAATCTCCACACTTATGTTTTTGGACGTTCTGTAAACTTTGCAGAGATAGGATTCAATACAGAGGGGCTACAAACACTGGTGTCTAAACTGGTGGGTCCTCTCGGTGAACTAACAAAGGGCAAGTCACTCGTAGACGTTCTGAAACAGCGAGTAAGACGAAGCGCTGAATCCTCGCAACCTTCCGATCCTATAAGTCAGATCCACAAACAGTTGAAGGTGTCTCCAAGGACAAGTCCTACACCAAAAGGTCACATGTACATGAAAATGATGGGCAATGAACTCCAGTATATAACTCTTGATGGTACTTTGGTGGACACCCTACTTAGAGAAGGAAAGCTGTTGTCAGGTGTTTCAGAACAAGATTTGAAGACTGGACTAAACGTTGAGGTACATAGGTCAACGATGCCACTTGAAGCTGAAATAATGATTCCTTCCGAGTGTGGCCTTCCCCTGCGTCTAAAACTCCATGGAACCGCTGCTATCAAAGTAACGGGCAAAGTGGGAGTAACAGGAATGCCATCAATCTTTGAAATCAATCGTCCTGGAAAACAAGCAAAGGAACTCAGCTTTAATTTTGAGCTCAGACCAAGTGTTTTGTTTCAACTACGAGGAGAAATGGAAATGGATGCGGAGTACTTCAAAATGGGAGTTGCTTTGAAAACAATGGCGCATATGGAAACTCCACTTTCTCTTACCGCATCAGCCAATTTACCTAAGGCTAAATTTTACACGAAATTCAATATTGAAAAACTCAGTGAGAAAATTGCCAGGCTGGAAGTTTCCCCATACACATATTTCAAAGAAGATCCATCAGAAATAACCAAATATCCTTTGCCAAGAGAAACGCAAGAAATCAGTGTAGCGAAAAATGCAAAGGTTTTCCCGATGTCAATGGCTTATGGAAAACAAACTTTAGGACTTGAAATCAAACTAAGCGGGCAAGCTGTCGTTCGTGACTTTGAAATGGACGTTCCATACTATCCTATGATCGGGAAGCAAGAAATGATCGTCACTCTTTCTCCTGGAACTGATCCTCAGAAATATGTTGAGATTCAGTTTCAGTTAATGAAACGTATGTCGCAATCCAAACAACAACCAACCTCCGAGGAGAGTTCTAGTTCGACCGGTTTATTATCATGGGTCTCTAGTTTGATTGGAAGCGATCAATCCGACCAGAGCTCACCCTCCTCTTCATCATCTTCCTCTACTTCTCCCCCAAAAGACATCCGATCAAAGGATACATCTTTAAAGGATCTTCTAGAACATCTAAAAGAGTCGCAGTCTGTTCATCCCGATGGATCTGTAGTCACGCGAAACAACAGCATGGGATTAATTTTCAATGTCATCGGGATTGACCAATCTAGGTCTATTAAACGACACTTTCACATCAGCATGGCCGCTGGTATGAACCCTAGCCCAAAGACCACATCCATTCTTCTCCGGATGAATAGATCCCCTATTCCGACGATGGAAACTAAACCATGGAATATGGACGTTGCTGTCAACGTTAACTTACCAAGCAGACTCGCTGACCCGTCAGAATTGTTGTCAGACGCTTATCAAAGAGAGCTTGAGCAGCAAATAGAAGTTTACGTGAGAAGACATGGAGAATCCGACTACCACAGGTGGATTATGCTTGAAGAACCACGCTGGGAATCCTCTGTTCTTCAGAGACTTCTAAGCTTATCTGACACTCAGGAGGTCATCGATGAGGTCATGAACTCTGAACTTTCCAAATCCGAAGAGTCGGGAACCCCAGAAGACAGGAACATTATTGATCTCATTAGAAAACAAAAACAAATTCTTAAAGAAGCACGAAAGATTTGGCAAAGATCTTATGATTCCTTACGAGTGCAGGATATAAAAGCAAAGTTATCTTCCCTGATCAAAAGGTCAGAGAGTGTCAGGAAAGATCTAGAGAAGGATTCAGCATCAGTTTCAAAAAGTGAAAAATCAGACGCACTTCGCAAATACTGTGCACTACTTCAACAGCTGATTGACCAAAGATTGGACGAAGCTGTTCGTTCTTCAAGAAGGTCACTTTCATCAAAGGAAAGACAAGATATTGCAAAATCATTAGAGTCTAGCAAGGAATCTTTGAGAAAGATTTTACAACAGCAGCATCGTTCTCCTTCCAAAGTAGATTCATCTATTCACCACCTAGCTCTGTTCAAATCGATTCTTCATCGGTCAGTGAAAGTGATTCTGAAGAAATTAAAGAATCTAAGAACCCAGAACAAAAAGATAAATCCCAGCAACAACAACAGCCTTCTCAACAGTCCCAGGACACCGTGTCTAGCAATCAACCTTCCAAAGTGTCTAGTAGTTCGTCTTTGTCAAAGTCAGTGTCAGACCTTTTGCAAAAACAGAAAGATGTGGTTCAGGATATTTCCAGGTCAAAGGAATCAGAGGGATTGAAATCTGTTGATGAGAAAAAAATCAAGGAGGCACTTCTTTTAGCAAAAGAAGTTACTGAAAAGATTCGTCAAGAAAATTCTGGCCCATCTCCTCAAAATATCGAGAGGGAAAGACAAAGACTCATGAAATCCGTCATTCAACAACAGCAAATAATGAAATGTTTGGAGCAGCGGGTAAAGAAACCACAAACCGCCTCCGGCAAATCTGAAGACCAAATAAAAGAAATTCAGAGAATTATGC
,6254,CU991090,(sp:Q1JQ19) DEP domain-containing protein 7 OS=Danio rerio GN=depdc7 PE=2 SV=1,-0.019577133,0.06455673,1.5351963,0.45130387,11.813819,11,1.3658939E-07,0.004350645,6254,74,49,CUST_12983_PI419289827,CU991090.p.cg.6,CU991090,(sp:Q1JQ19) DEP domain-containing protein 7 OS=Danio rerio GN=depdc7 PE=2 SV=1,CAAAAAATTTATAAAAGGGTTTCCCCCGGCCTCCTTGGAAATTTTCCTATCCCCCACAAA,CU991090.p.cg.6,,GGGCATTATGGGATATTGTTGAGGGCACGAAATTCGAAAACAGGAAAAATGGCGATGCGTGCGGACAGCTTGTTAGACAGTCCTGTCTCATATAACAGTTTCCAGCGATCGATCCCCCTTAGAGCTTCGAAGATTAACATAGGGCCATTTCGGGCTACTCAGATCTGGAATGAAATCGTGGATCACTTGAAGACAAATGTGGAGGTCAAGAGACGTCGCTACAAGATGAAGACTTATGACAACAGTTTCTCCGGGGCCCATGCTGTGGATGTCGTCATGACTTACTTGCTGAGCGAGAAAAACACATTCAGCACAGACCTGTCCAGAGACAAGGCTGTTAAGCTGTGTCAGTCTCTGATGGACCGCCAGGTTTTCTGCTCCATCAGTAACCGCACCAGCGAGATTAAAAAGATGTTTGATGACAGCCATAGCAAGCTCTACAGGTTCGTTGGCATGGATCCCCCAGAGGGCCTCGAGAACTCCAACTCCACGATCATAGAAACCAGCTCCTCCGACGAAGAACACGACTACTCCATCATGGAAGATTGCAGGGGAAATCAGTCAATCAGACTGAGTCCTGACCAGGAGAATGGTTTAGATGACAGTGTGGTCTGTAACCCCATTGCCGTCAACAAGAAAGGACAAGTGCTACAGGAGATTATCTCCCTTCATCAGTCCTTCACGAGACGTCGTAGTCGTAGTTCTCTAAAGTCTGACACATCTATTCTAAACCGCAGTAGTTACAGGGACTCTCCCATACCACCAGAAGCTATGGAGTGCCTATGGAGAGAGGTTGCCCTGTGTCAGCTGTTGACCATTGTAGAGATCCCCATTCTGGAAAGTCTTCTGACAGAGCAGAAATCTTGGCAGAAGAGCACCAAACAGAGCCTAATGGTGACCACTCTGTCTCCCAACACTACAACCGTGTCTGTATGAACAGCGTCTCCCACCCCTTCCTGAAAACGCCCCTTCACTGCATCCAGTGTCTCCCCAAGGTTTTCTAGTGGTTAAAAAAAATTTTGTCCGCAAAAAAAACCAGCCGCCAAAAATCCGGCTTTCCCCGTTTCTCCCGGGCCATTAAAAATTCCGCGAACCAATTCCCTGGTGGCCCAAAAAATTTATAAAAGGGTTTCCCCCGGCCTCCTTGGAAATTTTCCTATCCCCCACAAAAACCAGAAAAGGGGGGCCCTCCCCCCCTCCAACAACCCACAAAAACATATAAATCTCCCCCCCTTCCCCGGCGCCCCCACTTCGGGGAGAAAAAAAAAACTCTTCCCCCCCCCTCCTCCCCCCC
,6514,CU987036,(sp:Q78PB6) Nuclear distribution protein nudE-like 1 OS=Rattus norvegicus GN=Ndel1 PE=1 SV=1,-0.06027669,0.16458406,1.6088829,0.45057723,12.053769,13,1.9806127E-08,0.00063135993,6514,77,54,CUST_31096_PI419289827,CU987036.p.cg.6,CU987036,(sp:Q78PB6) Nuclear distribution protein nudE-like 1 OS=Rattus norvegicus GN=Ndel1 PE=1 SV=1,GGTTCCCCCCAAAGAAAACCCAACAACCGGTCCTTTGGGAAATTTTGAAGAATCTTTTTT,CU987036.p.cg.6,,TTCCGGTGGTCAAGCCAAGAATGGATGACTCGAAGAAGTTCAAAACACCTCAAGAGGAGATTGACTACTGGCGACAGCAAGCTGAACAGTTTAAACAAGATCTAGAAGAAACGAGAGAGGAACTAGAAGAATTCCAGATCAGCAGTAGGGAGCTTGAGTGTGAGCTTGAAGCCCAGCTTGAGCAGCTAGAATCCAAAAACAAAGATCTCTTGTCAGAAACCTCAAAACTTGGCAGTGAAAATTCTTCACTCAAGGAAAAGATTGAGCTCTTACAAACAAACAGTCACAGACAAATATCCAAATTAGAAGATGAATTAGCCCAAGTCAGTGCCTACAAAGATGAGTTACAGAAATACATCAGAGAGTTGGAGCAGACAAATGATGACTTAGAAAGAGCCAAGAGAGCTACTGTTGTTTCACTGGAAGATTTTGAAGTGAGATTAAATCAGGCCATTGAAAGAAATGCGTTCTTGGAAAGTGAATTAGATGAGAAAGAAGCCTTAGTGGACACTGTTCAAAGATTACAAGATGAAGCCACAGACCTCCGGTCAGAGCTAAATGTAGTTCAGATTAAACCAACAAACACAGCCCTCAGCCTTGCCCCCAAGGAAGACAGTAGCTCTAATGCAATCCCCATAAAGAAGAAGCAGGACCCAATGGAGGAAAACAGCATTAATGACCAACCCCTCCGTCCTTCACCACCTCCAACCAAAGGTATTCCCTTGAAATCCCTCAACCGCACCACGCTAACTCCTTCTGCCCAAATCCCAACTTTAAACTTTTTAGGGGATCTGCCTCCGAAATTGGAACTTTAAAATCTAATTTGGCTTCCGGCAAACTTTGGAAAGGGTAATCCAGGGGGGGAAAACAGGGGTCCACCATCCCCCCAATTCCCCAAAACAAAAAGATGGAGTCTGGGGCCCCCGGGCCCCTCCACAGGGGGTTAAATTTCCGTTCTGTAGATTTCCCCCACCCCCAAAATGCCCCCCCCCCAAAAAACCCCGGGGGAATTCTCACCGGCCTTTGGGGGGGGGGGAAAAACCAGGATTTCCTTTCCTTCTTTTTCGGATTTCTGGTTCCCCCCAAAGAAAACCCAACAACCGGTCCTTTGGGAAATTTTGAAGAATCTTTTTTTTTTGGGCTCACCGGCCCCCCCCCCCCCAAAGATGGACCTTTTTTAAAAACATTCTTCCCCCCCGGGGGGGGGGGGGGGGGAGAAGGGCGGCGGGGTGACTAATTTTTTCTCTCCGCCCCCCCCATCCCCCCCCCCCCCTTGCTTCCTAAAAAA
,7130,CU992468,(sp:P18102) Protein tailless OS=Drosophila melanogaster GN=tll PE=1 SV=1,-0.6276208,0.20560126,0.673007,0.22722612,14.702886,21,1.5814017E-12,5.046569E-08,7130,84,75,CUST_13810_PI419289827,CU992468.p.cg.6,CU992468,(sp:P18102) Protein tailless OS=Drosophila melanogaster GN=tll PE=1 SV=1,CAGAGACGTAACTTTTTCCTGTCCCCTAACATAACCAATGGAAATATCGACATAGGTCTC,CU992468.p.cg.6,,GGACACACCGAGGAATCGGCGATGAGGTGACAGCGAATGGACTCCGCCAATCAGAAGTCGGATTGAGATGTCATTCAGCGCTCAACTTGCACGGGATTGACGCGATCATCAGTAGGTTAGGGGTGAGACGAAATCCGCGCAGTTCGTTGTGTATTACGACATTCCACTAGCGAACCAGCCGATATTACAAATTACTTCCAGGGTGTCTACAAGAATGAATTCGGTCCTTTCCCCTGAAATTATTAGAGATTCTGGACAACAAGACAGAAAACCGGAAATCTTGTGTCTTGTCTGCGGAGACAAGGCTTCTGGGAAACATTATGGCGTGCAGAGCTGCGACGGCTGTCGGGGATTCTTCAAGCGGAGCATCCGTCGTAGTCTGGAGTACGTCTGCAAGGAAAACGGAAACTGTGTGGTAGATGTTGCAAGAAGAAACCAATGCCAGGCCTGCAGGTTCCGGAAATGTCTGGAAATGAAGATGAACAGAGATGCTGTTCAACATGAGCGGGCCCCCCGATGTTACCAATTCAAGAAAGACAACCCAGATCATTTTGGTGATTCTATGAAAAATCAAAGCCCTTTTCCACATCATATTGGCGATATATTTGAGCGACAAAGATGCTACACATACAACCAGGTTCCAAGTTATGGACTAAACATTGGGTATCACCCAGAGTACGCCGTACCAAGGTACTCTCCCTATATGCCTTCCCTGCCGGTCCCTATTCCGGACCAGAGACGTAACTTTTTCCTGTCCCCTAACATAACCAATGGAAATATCGACATAGGTCTCCCCCCGCATCAGGACTCAAGTGATGGTGCCAGTAGTAGCGTATCGTCCACCACCCCTCTATGAATGGAGGAAAAAAAATATCCCCAGGTCTCCCTCCCTTCCGTGGACCCTCCCGAAACCAACGCCCCTCCCAGGCGGCCCAATTCCCGGTCCCCAGGAAGTGAACCAAAAACCAACCCCCCCCCCCACATTCCCCCCCCGTTGTTCCCCTTCCCCCAACCCCAAAAAAAAAAGGCCCCCCGACCCCGCCCAAACCAACCCCGGCCTTTTCCCCCCCCCCCCCCTCCCCCCCCCCACACCCCCCCCCCAAACCCCCCCCCCTCCACTGGGCGCCCCCCCCCCCACCACGGTAAACACTGTAGAAGCGCCCCCCCCAAAACCTCCCGGGTCCATGGTCGGGTCCAAAGGGGGGAC
,7135,DV736924,0,-0.23161836,0.2847201,2.0091903,0.26807863,19.849367,21,4.440892E-15,1.4173551E-10,7135,84,80,CUST_24624_PI419289827,DV736924.p.cg.6,DV736924,,CAGGGTTTGTTAATGGTGCTGAAAAATGCATTTGTTGGCATATTTTATGCTGTTTGGTTA,DV736924.p.cg.6,,TAATTTCACTGATGAACTGGTAATGAGAAGAAATTTTCGTCATATCCGAGAAAACGTGGGTTTGAACTAAGTACGCGATAATTTGTGTGTTCTTTATCATTTTGCAGTCAAATTCGGCTATATAAGACACGCACCGAGAGAGAAACTTCCTAGAACTCAACACAGACCTAAAGCACAAACTGTAGATAATATTTTTGAAGAAGAAGAAAAGAACAGTCAACAGAAAAGAGATGAATTCCTTAAGTCTTCTGTGTTTGGTTGTTTTATCTCTTGCCTTACTGGGAAATTACGTCTGTTCTTCAGAACCACAACAATTCTTTGCAGATGAAGATGAAATCAGCGAACCAACAGAAGAACAGAGAATGATGATAAACAATAAGTACCAAACTCATTTGATGAAGAATGCTTTTCGGGACAGCGGGAATTTGAAGAGATTGTTGGCCCAGAAAAGATTCTCATCTGACAGACAAACAAGGGGAGGCGTTGCTTTGTGCTTATGGAAGGTCTGCCCAGCAGGCCCATGGCTGGTACAGAAGTAAATGGCTAAAGGAACCAAACGAACAGGATCATCCGAACTTTTCTTTGAAAATCCCGTACACCAACTCGCCTCATTGTTATTTAATTGTTTTTTTTTCATTTACCATCTTTATAAGCAATAGACAACAGACATTTCAACAACAACAACATTCCGTATAACACCGAAGAAACATCGGACTGTTCATTAAATCGATTTTAAAAGGTTACGATGTCTTATTTTCTGCAAGAAAAACAGACAGTGTGATTAGATACTGATAGTGACTTTTATTCTGTATATCCTGCCAGGGTTTGTTAATGGTGCTGAAAAATGCATTTGTTGGCATATTTTATGCTGTTTGGTTATAATAAATCAAAAACCAAAAAAAGCGTATATTTCACTGTCAATTTTGAATTGAGGATTTATTTACTAAGAGTCCATTGAAATATTCAAGCACCAAACAGTTTAAAGAATATATCGGTGTTGTAAACAATCTTCTTTAAAGTAAA
,7275,AM860211,(sp:Q6VFT5) Forkhead box protein L2 OS=Oryctolagus cuniculus GN=FOXL2 PE=4 SV=1,0.2162415,0.31863987,1.3300642,0.24605393,9.584073,20,6.4318515E-09,0.0002051053,7275,86,50,CUST_26132_PI419289827,AM860211.p.cg.6,AM860211,(sp:Q6VFT5) Forkhead box protein L2 OS=Oryctolagus cuniculus GN=FOXL2 PE=4 SV=1,GACGCCAAGAACTGACAGACATTTTATTAAAATTAAGCTAATATTGTACCATTGTTGGGC,AM860211.p.cg.6,,ATTTTAGCCACGGACATTTTCGGTTCTCAAAATGTCGGAGAACAAAAACGAAAATGTGTCCAATTCAGTATCTGATGAAAATTTTTATGACTTTAAAATGCGATTAATGCGACCGTCTTCAAAGTTTTTGGAATCTGGATTTAGTGAAAGTAGTTTTGAAAACAAAATATGGAAGCACTCTTTTTTGTCTGGCGAATTTTCTTCTAATTGTAAATATGGATCAAAAGTTTCGTTTGGAATTGCAGCAAGACTCGAGAATCCTTCAAACAGCAAACCAGCGGAAAACAAAGAAGAAGAATTTGTAGAGACGAAGAAAATCAAATCGGAAAAATTGGAAGAAAAATCGAAGTCCTCTGCCGGAAATGTGAAAATTGAAAATGAGAACAAATATACAGATCCTGAGCAGAAACCTCCTTTTTCTTACGTAGCTTTGATCGCCATGGCGATCAAAGAATCGAGTGAAAAACGCCTAACGCTTAGTGGAATATACCAATTTATTATCAACAAATTTCCGTATTACGAAAAAAATAAGAAAGGTTGGCAGAACAGTATTCGCCACAATTTGAGCTTAAATGAATGCTTTGTAAAAGTTCCTCGTGAAGGTGGAGAGGAGAGAAAGGGAAATTTCTGGACCCTGGACCCGGCATTCGAGGACATGTTTGAAAAAGGAAATTATCGCCGTCGCCGTAGAATGAGGCGCCCATACCGGGCGTCCCTTTCTCTGCCCAAGCCTTTGTTTGCCCCTGACAGCCACTGTGGACCATACAATCAGTTCTCCCTCTCCAAACCGTATTTCTCTCCCCCTCCTTATTCTCAGTATTCTCAATATCAGGGATGGGCACAAGCTTTGGCACACAATTCGTCGCAAGCAGGGATGGCCAGTGCTATGAACCAAATCGGCAACTATAGTTCCTGCACCCAAGGACGGGTCCCTCCACCGGGCGCCTCTATCACACAGTGTGGTTACAACGCAATGCAGCAGGCCATGCAGATATCCCCACCCCATGCCCCATCATACACCCAGCTTAACGACTATCCGGCGGTCCCCACCCCCGGGACGGGCTTCCCCTTCGCCTACAGACAACAGGGTGACACGCTAAATCACATGCATTACTCGTACTGGACTGACAGGTAACTGTCAGAGAAGATGTGGAAGAACATTGAATTATTGAGACGCCAAGAACTGACAGACATTTTATTAAAATTAAGCTAATATTGTACCATTGTTGGGCAATTAATTTATTTCATATGACTAGTTTGTACAAAATATATACATCAAAATATTTAATTTGCCAGTGAACATATTTCATGATAATAAATTATTGTAATCAGCCT
,8334,AM858495,0,0.53457445,0.44002914,-0.9761789,0.2875429,9.956085,18,9.5563975E-09,0.00030470573,8334,99,4,CUST_2881_PI419289827,AM858495.p.cg.6,AM858495,,TCAATGACAAGCTTGGCTAATGGAAGCAATGCAGAAGTCTCATCAGCAACAGAGAGAAGT,AM858495.p.cg.6,,TTCGTATTTCAGCAGACGCTTCAAGAATTTTTTGAGGTGTACGGCTGGAGATGGAAACAAGGAGAAAACGAAACCCATCTCAGTCGGAGTCTGGCCCAAAGTCCAAGAGACCCAAGAGAAGGAATGAAATATCGCTGTCGGAAAACAAGGACAATCTCGGTGAAGAAATAAAACATGAGACGTCCAAGGCTACTGAAGCAGAAATCAAGGACAAATTAGATCATACCAAGACCTCGGCAGACAAACCTCAAGAACCCTCTAAAGATTCAGATGACCTAACTTCTTCAAAAACATCTACAAACAAACGCTCCCTAAACTTGAAGACTGTTTACTCAGAGAGACTGGGTAACAGAGATGAGGAATCTGTTTACTCTGAGAGACTGGGTAACAGAGATGAGGAATCTGTTTACTCTGAGAGACTGGGTAACAGAGATGAGGAATCTGTTTACTCTGAGAGACTGGGTAACAGAGATGAGGAATCTTTGGTTGCTGCTCAGTCAATGACAAGCTTGGCTAATGGAAGCAATGCAGAAGTCTCATCAGCAACAGAGAGAAGTCCAGGCTGTCTGAGCCAGGAGACTGAGGCTTGTGTGCAGGAAAAGGAAAGGGACAGTCCAAAGATCCTGTACAGGGAGGACCCCACTGGCCAAGATCTGAGTGGAGAATCGGTCCCCAGTCAACAGGAGATCCCAGAGCCACCACATGCACCTACAGAAATTGGAAGGAAGTGGAGCTCTGAGGGTCTGCCAATAGAGGTGGTTCAATCTGAGCCCCACTGG
,9327,AM860522,0,-0.73150015,0.17024198,1.6587301,0.76318,10.589083,12,1.9229904E-07,0.0061239554,9327,110,62,CUST_3709_PI419289827,AM860522.p.cg.6,AM860522,,GCGCTCGCATCACAGATGTCACTTGTTACTGTACTTCTTTTTCACAAAAGAGGTGCTATT,AM860522.p.cg.6,,ATTCCGGATGCTGCGCAGTGGCCCTCTATATGAACAGAACATTTCGGATGCTCCACTGTGGTCCCCCGGTCCATGAACAATGTTGAAGTGAATGCGCTCGCATCACAGATGTCACTTGTTACTGTACTTCTTTTTCACAAAAGAGGTGCTATTCGTTTTAAACAACATTTTAGTTTTT
,9871,CF369133,"""(sp:Q25010) Actin, cytoplasmic A3a OS=Helicoverpa armigera GN=actA3a PE=2 SV=1""",2.1966383,0.34726354,0.91966623,0.28176573,9.891781,21,2.3432891E-09,7.4739204E-05,9871,117,11,CUST_7837_PI419289827,CF369133.p.cg.6,CF369133,"(sp:Q25010) Actin, cytoplasmic A3a OS=Helicoverpa armigera GN=actA3a PE=2 SV=1",ACATCAAGGAAAAACTATGTTACGTGGCTCTGGACTTTGAGCAAGAAATGGTGACCGCTG,CF369133.p.cg.6,,GATCGTCATGGACTCTGGGGACGGGGTCTCCCACACCGTGCCCATCTACGAGGGGTACGCCCTGCCCCACGCCATCCTACGTTTGGACTTGGCTGGACGAGATTTGACTGGATACCTGGTGAAAATTCTGACGGAGCGCGGGTACTCCTTCACAACGACAGCCGAGAGGGAAATCGTCCGCGACATCAAGGAAAAACTATGTTACGTGGCTCTGGACTTTGAGCAAGAAATGGTGACCGCTGCCTCGACTTCGTCCTGGAGAAAAGCTATGAACTTCCCGACGGACAAGTCATCACCATTGGCAACGAGAGATTCCGCTGTCCGGAGGCTTTCTACCAGCCAGCGTTCTTGGGNAATGGAAGCATCAGGAATCCACGAGACGGCTTATAACTCCATCATGAAGTGTGACGCCGACATCAGACGAGACCTGTACGCCAACACGGTGCTTTCCGGCGGGGTCCACCATGTTCCCGGGNAATGGCCCNACCGCATGCANAAGGAGATGACCGCGCTAGCCCCCAGCACCANGAAGANNAAAAATCATCGCTCCCCCCGAGANGAAGT
,11208,FP089774,0,0.0014032474,0.29506192,2.4643276,0.20045981,23.917742,19,1.110223E-15,3.54361E-11,11208,132,73,CUST_28227_PI419289827,FP089774.p.cg.6,FP089774,,TGAAAGCCATTTTCCGAGATTTAGGCGGTTCCGATGAAAACGACGATGATGACTTCGAAG,FP089774.p.cg.6,,TTCTTTTTCTATATCATACAAGAACTTCTTGAACACTGTTAAACAAATCTTAGACAAATCTCTATGAATAGTCATTGTAATTTCAAAATAAATAGTCTCCCTATGAGGTTATATCTACAACTCCTTGGGTTTTATTACTGTTATTAAGGTTGTACTCTTTTATTTTATGAATGAACAACTTTTTGAGAAGGGCTATTGGTGAGGCCTTTTTCGTTATTTCCCCACTTGGGAAAAGGGGATTTCCTACCAAGCGTTTTTATTGGGGGTTACCCCAGTGGTTTTCCCCTTTTCTACTTTTTAAAATCGGCGGCCCAGGAATTTTTATTCGGGTTCACTTTTAGGGGAAATGGGGCCTTTTAGGTGCCATTTTCGGACGGCCACCAATGTGAGGTTATTGCCGGAATTTCCCTTTAGGCTTGTTGCGGCCGAGGTTTTCAGCTTCGGCCCTCCCCAAGGAATTGTTAATAAGAGTCACGCGCATACCTATGACACCATTATGAACAAGATCGAACAGTTCCAACTTAACGAGATGGCTAAATTCATGCTAAATATGAGAATGTCCATGATGAAAGCAGTAAGAAAAGGCTGGACTGTTGATGAATTAATCCAAAAGTTGATGGAGACCAGCGACATCTACAGATGTCCTGATGTAGATGACTTATGGGAGTTCCACAAAAAGATTTCAGTTTATTTCCAAAGAAGATTTTCTAAAAGAAAACCCTTCGCTAAGGCAGAAGCTTGGTTGACCAATTTTCTCCGTGAGCACGTGAAAGACTCTGCCACTGTCGTCCAGGGAATTCTTGGGGTATATCGTGGTTACGTCACTGCAGCTGTGGGGGTGTTCCAAGAAGTAGAGAAACATATGATCACTGGGGATGCGGAAGATATTTTGAACTTTGTGTCGCAGTTCCTCACGGAAGACCAGCTGTCATACTTGAAAGCCATTTTCCGAGATTTAGGCGGTTCCGATGAAAACGACGATGATGACTTCGAAGGCTCGGGCTCCCCGGATGATGATGATGATTTATATCCAGGAGGCGCAGGTTCCCCCGACGATTTATATCCTGGAGGT
,12315,AM862314,(sp:P17892) Pancreatic lipase-related protein 2 OS=Mus musculus GN=Pnliprp2 PE=2 SV=1,-0.5826774,0.17913035,1.7223586,0.52251065,14.45585,13,2.1759214E-09,6.940537E-05,12315,145,75,CUST_4435_PI419289827,AM862314.p.cg.6,AM862314,(sp:P17892) Pancreatic lipase-related protein 2 OS=Mus musculus GN=Pnliprp2 PE=2 SV=1,CTCTATTGAACAAAGATGATTTGAACGTGATAACCGTGGACTGGTCACGTGGTACACGAG,AM862314.p.cg.6,,GGGCATTCGATGGAACTCGAATTGCAATCATGTTTTTCCCCATGACAAACGCCGTCTTCCTCCTCTTCCTGACGACGGTACATGGTTTTTGGATATCATCAGTTATGAAAGTTTTCAACCGCAAGGTTTGCTACCCACATATTGGGTGCTTCCGAAGCAGACCTCCATTTCATAATGCAAAGGGAATTCTCCCATCCTCGCCTGATGCAATCGGTATAACCTTCATGCTATACACCAGGAAAAACCACGATCAAGGACAGATACTCAAACCTTACCAGCCCCAGACGATCACAAGCTCCAGCTTCGTGGGCAGTCGACGGACTATTTTCATTACCCATGGTTTCACAGACACCGTAAAATCTGGATGGGCTTTGCAAATGAAGGACACTCTATTGAACAAAGATGATTTGAACGTGATAACCGTGGACTGGTCACGTGGTACACGAGGCATCCGTTACGACAAGTCAACAGCGAACACTCGCGTGGTTGGGGCCACGGTGGGGAAAATGGTGTAGGCCCTAACGAAGAATGCCGGGGTGTCTCCCAGTTATGTTCATC
,14240,AM868454,0,-0.16177382,0.3192952,1.9260856,0.35577673,15.129466,21,9.114931E-13,2.908848E-08,14240,168,45,CUST_6830_PI419289827,AM868454.p.cg.6,AM868454,,CGAATTTTGAGGATAGATATCCGGCTGTATATCCTTAATTTTCTACCTCGTCATTGAAAA,AM868454.p.cg.6,,TGTTGGTACTTAGAAATGGGTTTTATAAAGAAGAACTACTGGATTTACGAACGACATTCATCTTTACTCTAGCATGTCTGCTTACTATGACTACTGCAGACCACGCGAACTGTCAAAGACTTCAGGCTAGTTCTTTCAGGAAGGCCTATTGTTACCGGGAAAGCGTCTACCTGGCCTGTTCAGAACTCTGTACAGGTTCCCTGCTGTTGCCGGAGAAGTATGTCGATGCTGACTGCCCTTGGGGAAACAACGCCAACGTACTCAGTAACGCACTGGACAGTTTTTGTCTCCAGAGCGTCACACCCCCAAAATGTAGCGAAATCTGCACGGACCCTCAAACCACGGCTTCCAGAGCGCTTGGTTGGAAATGCTGCAAAGCCTGCGTTGATGTCTGCAATGACGCCCCGTCACGTGATTCGAATTTTGAGGATAGATATCCGGCTGTATATCCTTAATTTTCTACCTCGTCATTGAAAAATATTAATAAATTCGTTGTATTATATTGACTTACAAAAATCTTTGCTCGAACTTTGTTCTTAATAGAAATTGTTGCATACATTAATAATAGTTAATACATGCATGTATGTATAAACTCTTTTGCGCATTATACGAATCACCACAGAACTATATACATGTACATGGTTAAATAACTAGATA
,14727,AM863513,0,0.33572105,0.26290897,1.3002931,0.24311706,9.331157,21,6.4195955E-09,0.0002047209,14727,174,22,CUST_25373_PI419289827,AM863513.p.cg.6,AM863513,,CTCCAGTCGTGAAATGTCATGATGGCATCACTGCATGATATGTAATTATGTATATATATC,AM863513.p.cg.6,,TGGCCGCTGATATCCCAGTGTAGACTGTCACACTCAAGTGACCTTGACACGATTGAGGCTTTGTTTCCAAGGAGAAGAAAGATGGCCTCCTGTCGCCATTGGACCGTGCTAGTGGTGGTGTTCGTCCTGGAGGGAGTTGACCTTTCCTGTGATTGGTTGTTCTACTCTCGGGTCAAGGAGAGTAGCGACTCTTACATAGTGAACCACGGCTATCTACACTGGGTCATCCTTGTGGTCGCCGCTCTGGGGTCACTGACCTTTGTGTTTGAGGTCATCAACCTCGCTATAGAAATGTTCACGGAGAGTGGGTCCTGTGTTTTGGCGGACACCGTGTCCATGGTATCCACATGGGTGGAGGATGTTCCTCAGATGGGCGTGGCCCTAGCTATCGCTGTTAACACTCGGGAGCTTGTTCATTGGATTCAGTATGTCAAGGCCGGCTGGGCTGTCCTTGAGGTCACGGTGCGGGCGCTGGCCCAGTGTGTGTTCTGCTGCTCTCTCTCTAACAGAACCCAGCGGGCCATGGACTACTTCGTGTCGCTCTCCAAGTTCCTGGCACAGATCGTAGTGCTGGGGTGTTCTGTTGGAATATTCCTCCGACTGTTACAGGAATAACCATAATGACCAATGAAAATACTCGTACCTTATTTGGTTTCTGTCTTACTCCAGTCGTGAAATGTCATGATGGCATCACTGCATGATATGTAATTATGTATATATATCATAATCAATATAACTGCGCGGAACAATGCAATTAATTATTTCTAGTGTAAAGAATGACGCCATAATTTTATTTTGATTCAAAACATTTTCAATGATATTGGAAATTTTTGTTTTTGTTTCATGGCAAATGCATTAAAGCTTTA
,14733,AM860121,(sp:Q810T2) G2/mitotic-specific cyclin-B3 OS=Mus musculus GN=Ccnb3 PE=2 SV=2,0.31090894,0.20467135,1.3127617,0.26435503,10.380643,20,1.6818951E-09,5.3649088E-05,14733,174,28,CUST_3544_PI419289827,AM860121.p.cg.6,AM860121,(sp:Q810T2) G2/mitotic-specific cyclin-B3 OS=Mus musculus GN=Ccnb3 PE=2 SV=2,GATCATTGTTCAGTTCATCAAAGTGCGTTATGTTTAAGATGGTGGGTTGACACAGTTCTA,AM860121.p.cg.6,,GGATGTGACGACATTTACTCACGTGACCAAGTAAAACAATTAGAAAGGGTCATTTTGAATGCCCTGCGGTTTGATTTGCTGGTTCCCACCTCCCAGTTTTTCCTTGAATACTTTTCGTCTTGTGTTATCAGTAACTACTCTGGCTTCCACGCTGACCGTCTCAGACAGGCGCGGTCCATGGCACGGTGTCTGCTCGAGCTCTCCCTCCAGGATTACGAACTGAGTCAGATCCGACCCTCCATGCTGGCCCTCTGTATGTGGAAGTCCGCACTGGAGCACGTGAACACGGATGACGGTAACTTCCTGCCGCCCGGCCTCTTCTTTACGCGCGAGGATTTCCAACATGTCTTCCGTGAGGTGAAAATGTTCTCGGAGAATCTGCAGCAGAGTTTTCCCGAGATTGTAAACATCTGTGATCATTACTCCAACATGTATAGCCAGGAGTGACGTCATCCCAGCGTCAGTTGTTGGAAGAAAATAACATATCTTTTTGTATCAACCTTCTGAAAACCACAGGAACTTGATCGATATTACATTGTTTTATCCGTCATAGGTTTGCGATCATTGTTCAGTTCATCAAAGTGCGTTATGTTTAAGATGGTGGGTTGACACAGTTCTACTT
,15211,CU991496,(sp:P16889) Late histone H2B.L3 OS=Strongylocentrotus purpuratus PE=1 SV=3,0.71132404,0.20976415,2.335229,0.3742808,13.111113,17,2.5668156E-10,8.1891685E-06,15211,179,81,CUST_30284_PI419289827,CU991496.p.cg.6,CU991496,(sp:P16889) Late histone H2B.L3 OS=Strongylocentrotus purpuratus PE=1 SV=3,GTCAGAAACGTGTTTTGTTGAAATTCACTGTATCTATGTTTGAACAAGTTTGAGTTGCAC,CU991496.p.cg.6,,ATGCCACCGAAAGCCCCTGGTGCCAGCAAAGGCTCGAAAAAGGCAATCTCCAAGTCCACCAAGCCACCGGGCGACCGAAAGAGGAAACGAAGAAGGAGAGAGAGCTACGGCATCTACATATACAAAGTATTGAGGCAAGTTCATCCAGATACCGGCATTTCGAGTAAAGCCATGTCAATCATGAACAGTTTTGTCAATGACGTGTTCGAGCGGATTGCTGCCGAGGCCTCGAGACTGGCGACCTACAACAAGCGTTCTACAATCAGTAGCCGAGAGATTCAGACGGCGGTGCGCCTGCTGCTTCCCGGAGAACTGGCAAAACACGCTGTAAGTGAAGGAACCAAGGCCGTGACCAAATACACGAGTGCTACAAAGTGAGGAAATTCGGGTGGCGGATTTAACGGGGTGATGTTTCTCGATTATTCGTGATTGAACAGTTCGAAACTGTGTGAATTAATTATACAGACTACTGACAAAATGATGTTTGAAGTGTTGTTCTATGTCAGAAACGTGTTTTGTTGAAATTCACTGTATCTATGTTTGAACAAGTTTGAGTTGCACTATTTTATACTTTTGTTGAATATAGACATTTACA
,15368,EW779053,(sp:Q80TB7) Zinc finger SWIM domain-containing protein 6 (Fragment) OS=Mus musculus GN=Zswim6 PE=2 SV=2,0.68098754,0.08133684,0.9197177,0.05681604,8.335234,19,9.0606505E-08,0.0028867233,15368,181,68,CUST_19434_PI419289827,EW779053.p.cg.6,EW779053,(sp:Q80TB7) Zinc finger SWIM domain-containing protein 6 (Fragment) OS=Mus musculus GN=Zswim6 PE=2 SV=2,ATTGATGGATGCCACAATTCATGCCTACATTGCCACCACCCATTCAAAATTAACTCACAT,EW779053.p.cg.6,,GATTTGAACTTGGACTTCAGGTGATGCGTATGACCCTGATGACGATGAACTGGAGGAGGAGGGAGATGGTGCGATGGCTAGTGACGTGTGCCATGGAGGTAGGGATTCAGGCCCTCGTTTCCATCATGCAGAACTGGTTCCAGCTCTTCCAGCCGATTGAGGCGACCAGCATGGTGGCCACAAATATCATGTCTCACAGCACCATGATGCAGCTCAGTGTCAACTTCCGTCAGCAGGAAGAGCTAGCTAATCATGCCAGAAAACTGGCACTTCAGTGTGCCACCAAAGATCCTCAAAACTGTGCTCTCTGTGCTCTGACATTGTGTGAAAAAGACCCTGTTGCCTTCGAAACTGCCTATCAAATTGTCATTGATGCCGCTGCTCACATAATGAATTCTAGCCAGTTGTTTAACATTGCACGATACATGGAACATAGGGGCTATCCCATTCGAGCATACAAGTTGGCTCTTTTGGCTATGAAAAATCTCAAACTGTCCTACAATCATGATACTCACCCGGCCATCAATGACATTCATTGGGCGTGTGCGCTCAGCCATAACTTGGGAAAGAACGAACTTTCTAACATGATTCCGTTGTTAACAGACAATGTTCATTGTGCCACTGTGTTATCAGACGTACTGAGGCGGTGCACTCTGACAGCGCCCGGCTTAGGAAGCACTGACGGAAAACGCCGTGCAATAAAACACTTGTCTTATGACAAGGATCCACTCAGGAAATTGATGGATGCCACAATTCATGCCTACATTGCCACCACCCATTCAAAATTAACTCACATTAGCCCCCGTCACTATGGCGACTTTATTGACTTTCTTAGCAAAGCCAGAGAGACGTTTCTCCTTGCTCATGATGGACA
,15474,AM866691,0,-0.15387887,0.22348128,2.3606446,0.3672266,20.262648,18,7.682743E-14,2.4519475E-09,15474,183,4,CUST_6123_PI419289827,AM866691.p.cg.6,AM866691,,CAGAAGCTGCAGCAAGTACTCCGGATTTGGTGTGATCAAATCAAATGCAAATTTCCACGC,AM866691.p.cg.6,,TTCTCAGTAATCTTCTTCTGGAGGCCATGCGCGCCAACGAATACGACCGCAAGGAAATTCAAGTGTTCATGTTGGGCCTCACAAAACTCATTCTTGTGGGGAGTCAAATCGAAATGGCATACTACAAACTCAAGCATCCGTCTTCTCTGGACAAACTAAAAACGAAATGGTCCGCTCAGATGATCAAACTAAGCCAGGCCATGAACGCAGCCGACAGGGAGGTTATGGGAAAATACAGGGATGTCGCCATGAAAGACGCCAAGAGGATTTTAACATTCAACAAAGGCGCCAAAAACCAGGACGTGTCGAAAGCAGTGTACAGTAAGCTGAGCACAAAGTTTTACTGGAGAAACTGGTTTGTGGCTGTGTACGACGCCATTGGAGGTGACAATAATCATCAGGTGTGGGTGTGTAATGGTGGCATCTCCCTCCGACGAGACGGATTCAATTTGTTAGTGGCAAGCAATTCGGAAAATACAGCAGCACTGAACCAAAACACGGCTAAAGGGATTATCAATGGCGCAACTATGGTGAAAAAAGGATGGTGGTTCAATAAAAGAAACCTGAATGCCAAGGAAATTTTCGATNGGGTTTCCACAGTCAGAAGCTGCAGCAAGTACTCCGGATTTGGTGTGATCAAATCAAATGCAAATTTCCACGCTCA
,15871,AM857623,0,0.160383,0.2762706,1.1874331,0.29096514,8.867231,21,1.5221412E-08,0.00048528906,15871,187,61,CUST_29579_PI419289827,AM857623.p.cg.6,AM857623,,CTTGTGCTGAAGCTACTATGATATAATGCCGTGTTTCATATGTCGCATACTTTCGTTAAT,AM857623.p.cg.6,,ATGAACTTGTAATGCTGATAATGCAAAACTTTCAAATTTTTAAAGACGAATTTAATACTCTATATATAACGACACATGATTGTATTTCAAAGGAGTGCAGCGAGGTGTTGGAGGAATGGACCAAAGAAAATCTACTTATTATTGGTTGGGGAGGATTTTCGTTTTCCGTCGTTCAAGTTTTTGGGATAGTCCTGTCATCTTGTTTTTACTACACATTACGCAATGAATTTGGATGACAGCAGAAACGGATATGACGACACAACTCGAGACGCTATCAGCTAATACACTTGGAATCTCAAACTCAAATGTTTTCACGAATACAAACATTTATTAAAGAGGAACGTAGTGAAATTCAGTAGATAAACCCGAATTAATTATCTCGGTATGATGATACGTGTACATGTACATGATGCATCTACATGATTGAATATAGTGAGCTAATGAACATGTACCATAAAGGGAGCTAATATTGCTGTTCTCATTGTGATGTACATAATCATACATGGTTTCAATTGAACTAGAGGAAGATATAAGTTTAATGAAAATATGAAGAGAACACTAGAATGGTACGAGTAGTAATTTTTTATACATTGAACGGTTAACAAACATACTTCATATGAATTTTACAACTATGTGAGATAGATTAACAGTGAGATATTTGTACATACATGTTTTAACTTGTGCTGAAGCTACTATGATATAATGCCGTGTTTCATATGTCGCATACTTTCGTTAATAAAAA
,16243,AM858268,0,-0.89383936,0.27814102,1.1655241,0.3442826,16.118114,21,2.6689762E-13,8.5177705E-09,16243,192,8,CUST_2785_PI419289827,AM858268.p.cg.6,AM858268,,ATAATGCGTTTCCGGACAGCGGGAATGTGAAGAGATTGTTGGCCCAGAAAAGATTCTCAT,AM858268.p.cg.6,,TTCTGTGTTTGGTTGTTTTATCTCTTGCCTTACTGGGAAATTACGTCTGTTCTTCATAACCACAACAATTCTTTGCAGATGAAGATGATGTCAACGAACCAGCACAAGAACAGAGAATGATGATAAGCAATAAGTACCAAACTCATTTGATGAATAATGCGTTTCCGGACAGCGGGAATGTGAAGAGATTGTTGGCCCAGAAAAGATTCTCATCTGA
,17372,FP089743,0,0.44424585,0.3712027,2.5297306,0.14855151,18.06879,14,4.2396753E-11,1.3527108E-06,17372,205,32,CUST_24456_PI419289827,FP089743.p.cg.6,FP089743,,CAGTGAGGACGACGATGAGTTTAGCGAAAATTAAAATTGAATGTGAAATTGGTCATTTGA,FP089743.p.cg.6,,ACAGGTTCCCCCGGCGATTTATATCCAGGAGGCACGGGTTCCGTAGATTATTTTCCGAAACGAACAATTTTGAAGGAAGACGGTGTTTTCAGTGAGGACGACGATGAGTTTAGCGAAAATTAAAATTGAATGTGAAATTGGTCATTTGAAATAAGTAAACGCCAAACACATCAACTTGTTTCCGTTATTTTCTTTGTTGGTTATGTTTGAAATAAACTATGAAAATTTGG
,17890,CK172347,0,1.664951,0.07685032,1.8834296,0.04720317,8.391598,18,1.2326755E-07,0.003926688,17890,211,40,CUST_27234_PI419289827,CK172347.p.cg.6,CK172347,,GACTGGTGCACCTGTTCTTGTTAGATTTCATTCAACTGTCAAATAATAAGTGCTATTCAT,CK172347.p.cg.6,,TTGCAGTGGGAGCCGCCCTTGCTGGACTCGTCATTATCGTACTAATTGCGTATTTGATTGGACGAAAGAGGAGCCGCGCGGGCTACGAGCAGGTCTAGAACTGATATTATGTAAACTAATTCTCAAGACTTTCCATGGACAAATGAATGTTTCTTTAAAATCATAAATCCAATCAGTGTTAATTAAAGTAATGACACCCAAAGTGGAGAATACGTTAAGCACTGTATAGTCACTGAAATCTGATATGTACTAGGGTGAGATTTTACTGTATATTATGCTAATGCACAATGAAAACATTCCATCAATAGAATATAATTATTGGATGTCAAAGTTGAAGGTTAAATTATTAATTGATTTCATATGAATCTGTACATATTTGTCAAGAAAAAAGAAAATTACAACAGAGAATAACTACATGTATGTTCACGCTTGAGTGATTTGTAGATATTTTCTTAAGAATTCTTTAACCTGGTTGCTTTCGTGGATTATTTTAGCAGAAGTCAAGACTTTTTTTTTAAAATGATGTAGACATCAGGACAATGGCAGGATACTAAGTAAATGTGATACAAGGTACAAGGATCAAATCTCCATTGATTCACTTGCGTACCTTGTTCTTTTTGTTCATATAAATGTCTTATACAGTGTATTGATATATACATGTATTTGTGTGGATGTGTGACTCCTTATATAATGTTAAGCAAGAAAGTTGTAAGAGTCTGTTGTTTTGTGAATTAAGCAATACAATTTTGTGAACAAATAAATGCTTTGGATACTTCTCCATTTATCCAGCAACAAACACTGTTAATTCAAAATCAGTAGTGTAATGGGTTAATTAGCTTTGATTTAGATTTAAAGATGTGCTTGTTTTAAGGCGGCAAGGCTCTCATCTTTTTGTGTGTGTGCTTGAGAGTTGTTGGATGTTGTGAGCTACATATATAGTCGTAATTTAATCATGTGAGAGATTTCATCTAGTTTTCATGTTTGATATATAGTCACTGTTTGAATTTCTTTAACAACTTAATTCTGTAAGCAAATGAACTTGATAGAATTGCATCTTTTCACAATACTTGCATGTTTATTTCAGACATACTGAAGAGTCTCCAGTTCTTTCGCAGAATTAAATTCTAGCTTACTCGCACAAATAACGGTAAATTAATGTGTTTTTTTTTGTTCAACTATGTATGAATGGTGAGAATCCATTCACAATTAAAACAAATAGTTGAGATGATAAACAGAACCTCAACAGCATTATACAAACGTTTAAGTATAGCTTAGAGAATTGGTAGAATTTTTTGTTAAAAGCTTTTTTGTTGCTTAAAATATTACAATATTTGAATTAAGATATTTTTACATAGTTACAATGTATATGTAAAATTTCAAATAATACCTGGGACTGGTGCACCTGTTCTTGTTAGATTTCATTCAACTGTCAAATAATAAGTGCTATTCATCATCTTGTGGTTTTTCTTTTCTTTTCTGTGATCGTTTTTGTAGAAATTCTGAGCAAGTCATTTGAAATAAAATATTTTTG
,18494,CU984349,0,0.7070022,0.12577064,1.1922207,0.17032355,7.938739,20,1.3123848E-07,0.004180339,18494,218,49,CUST_28782_PI419289827,CU984349.p.cg.6,CU984349,,GCAGAAACTACTCGGTCAATTTACGTGAAACTTTCAGATCTGATAGATATTGCCCTTATT,CU984349.p.cg.6,,AGTCATTTTGTATACCCTATAAAAGAAGCAGCAAGGATTAACAACTAGGCATTTGTTAATAAAAAGATTTCTGTGGATATCCTATTTAGTTAAGTCTCCCAAACAAAGTTTGGAGACTTATTGTTTTTGTACGGTTCTTATTATTATTAGTCCCCTACCGGTTTCACCAGAGGGGACTATAGCTTTCCTCTGCGTCCGTCAGTCCGTCTGTCTGTCGGTCGGTCCGTCCGTCCGTCCGTCTGTCGGTCTGTCGGTCTGTCTGTCTGTCTGTCTGTCTGTCCCACTTCAGTTTTCCACACTTTTTTTCTTTGTGCGTTTAAGGAATAATATGAAATTTGCTGAACAGCTTCAAAATGCCAAACTACAGATCATGTTTACACTTTTGTAGCGTCTGGTTGACATATTTTCGAGAAAATTATTTTTTTATATTCCAATTTTTCAATGTTCGGGTTTGATATTCTGCATAACAGTGCATTGTTTTCACAATTTCCACAAACCGGTAGGGGACGTGTATTGCTTATGCAATACTCTCAGAATGCTTGTTAGGGTTGTTTTCGTTCGGTTTCTTTTTCCCTAGTCTTTTTTTTTTCTTAAAAATTTTGTGTACACGATTTCGCAGAAACTACTCGGTCAATTTACGTGAAACTTTCAGATCTGATAGATATTGCCCTTATTTGAAATTTTTTTAAATTGTGACGTCACGCTGCAAAAGTTGTTCATTATGATCTTATTAATGTAACAATACTATTTTGTTCGGGTATTGCGTAATATGAGAGTAAAAAGCTAGACTTGC
,19477,AM863157,(sp:Q6PFY8) Tripartite motif-containing protein 45 OS=Mus musculus GN=Trim45 PE=2 SV=1,0.5659866,0.4075012,-0.93184334,0.50367934,8.00862,21,8.094282E-08,0.0025789193,19477,230,12,CUST_4789_PI419289827,AM863157.p.cg.6,AM863157,(sp:Q6PFY8) Tripartite motif-containing protein 45 OS=Mus musculus GN=Trim45 PE=2 SV=1,ATGGCAAAGTTCTTTATAGAAAAGTTGATGAAGTTGTATCCAAGTAACAAGCAAACGTCC,AM863157.p.cg.6,,GATGATAGCCAGAAAGTTAAAATGTAAATATTCCCTAACAAACTGCGTTTATCGCCGAAAGAAATGCCCTAAATGAAAGTTAACAAGGTTATGGACCCAGTAAAAGGAGCACAGGATGTCATTAGATGTGACGTCTGCTCAGACAATGAGTGGGAAAAATCGCCAGCGGAAGTCCACTGCAACACGTGTGACACTAACGTCTGCAGCCCTTGTGTCGCCAGGCACATGGCATTGGATAAATCAAAGAAACACGATTTAGTTCTCTTTGATTTTGAGGACACAAAAATTATCTTGCCTTCATGTTTCTTTCATCCCCTAGAAAAATGCAACTTGTTTTGCAAGAAATGTTTGATTACGATATGTCTGAAATGTTTTCTCTCAAATCACAACAACCACACGATTGAAGTACTAACAGATTTGTGTCANAAACTCTGTGAGGACATTCAAAACGAAACAAGGGAACTGCAACAGCGCATCATACCAGCTTTTGAAAAAATTTTAGGTGAGGAAGATGAAAATCTCAAGAAATTGAATGAAGCGTACGACAAATTGGAGTCATCTATTGAGGAGCATGGCAAAGTTCTTTATAGAAAAGTTGATGAAGTTGTATCCAAGTAACAAGCAAACGTCCAGC
,19736,CU993910,0,-0.13617341,0.082274966,1.6220795,0.45567077,13.153898,11,4.503033E-08,0.0014351166,19736,233,16,CUST_14630_PI419289827,CU993910.p.cg.6,CU993910,,CAAAATGGAACTTTAATTTTAAAATTAAAAAGGGTTCCCCCCATTCCCGAGAAGCGGGGA,CU993910.p.cg.6,,GGCCAATCATCCGGGCACTCGGTACGAAATGACAGTGACGGCTTTATCTAAGTCCGGAAGTGGAGAAACCTCAAAACGTGTATCAACTGTTTCCGCTTGTGGGCACGATATTGTTCTACCATAATATGGAAAGGTTGCTTCCATTCACTCTCCCTACTTCCGGAACGAATACTATGAACCACATGTTGCGTGTCATTGGAATGTCAAAGCGTCTGAGGGTCAAAGATTAAAAATTCACTTTGACGCCATCAACCTGGCATCATAACACAACTTCCTGTACAAATGATTACGTCACGCTTAACGATGACCGCTTCTGCTGAGAACATCCAAATGGCGGATATTACGTCACAGTCGGCAGAGATGCAAAAATCATATTTAGATCATCGTCCGGTGCGAATATCAAACATAGTGGTTTTAACTTATCCATTGAGGCTATAGACACGATGCCAAACGTAAAGAATGTGATCAATACACCCGGAATGATTGGGCTAGCATGGGATCCTCCGGAAAATTCCAAAATACTTCCTATAACCACGTCCTTAAATACAGAATATTACCGGAAGTAAATCAAGAGGTCATTAAGTTGGCACCAGGTGTCCACGAGTTTGTGTTTCCGACAGGACGAAATATAGGACGCCGGTACGAGATTGAGTTATCTACCTTGACTGATAAAGAAGAAGGACGACCCGTCAAATATACCTTAAGATCCGCTTGCGGTCATAATGTCACAGTTTATGGCGTTGGAAGAATTCAGAATCCGCCATCTTATGGTCTATATCAACCCGATGTTGTTTGTGAATGGCAATTCAGTTCATTTCAAGGACGAACATACAGATTACCTCTCTAAAATATTAAACTCCAAAACTTCCCCAATTTGGGAAATGATTTCCTAACGATTAACCCACACAAATGTTGTAAACCAACCAATATACTTTCAGTATTTTGGTTAAACCCAAACTGGCAAAGGTTGTGTTTTCGAAAATTTGGGTCCGTAAAGGGGAAAGGTTCATTATAACAAAACAAAATGGAACTTTAATTTTAAAATTAAAAAGGGTTCCCCCCATTCCCGAGAAGCGGGGAGATAAATTTTTACATTTTTATTAAATTTTAAATTTTATTATTTTTTGTTTTTAAAAAAACAAACCTTTGCCATTTTTTTGTGTTTTTCCCAAAGATTTAAACCTCTTTTTTTTTTAAAAAAAACCCCCGGGC
,20423,CU991121,0,-0.37207937,0.13641724,1.8343116,0.43524504,16.756811,13,3.495466E-10,1.1151236E-05,20423,241,23,CUST_12999_PI419289827,CU991121.p.cg.6,CU991121,,CCCTGAAAATAACCTTTGAATTAGGGTTCCCCCAGATTTCAGTGTAAATCTTTTTTACAA,CU991121.p.cg.6,,AGGGAAGGAAAATAGACCATTTAATTTTTGTCAGAAAGAGGACAGGGGTAAGTTCCTAACAGAGCATATTGGATATGAAAATGAAGCAAGTTACTAGCATACTGTACGCATGTATCAAGCCAAACTTCCATTTTTTAAAAAGTTGTTAATTTTGCATTTAATGTTTGAACTGCATTGATTGATCTTCAAAGGTTCAAAGATCTCAAAAATTCACCTTGCAAAACATTTAACAGAAAAACAAACAGACATTATGTACTAAAAAGTTTTATTCGCCAATATACAAATATTTACCAAGACATTGAGACAAAGTGGTACAGTCTGTTCATGCCTTATCACTTAAGAAACAAGATAGCTGTTGTGTACGGCAACTTAGATTGAAATCCTACATTGTAAATTATTCATGTACGAATTCCATTCGTGGAGTGGTTTTCTTTGTAAGTGTATTAGTAATGGACTAATGGACTCTAACTAACAGGTCCCGTTGATGGTAACCTATTAAAGTTTAATGAATTATTTATAGCGCTTGAAGAACTTAATTGAAAAGGTTATACCCCAACCGATAGACAATATGATCTTGCACACTTAGGTTCATGCCAATATAAAATGACGAGAAGTATATAAAGTTCATGCATGTAAGGATAATACTTTGTAATATCTTGTTCTTGTATAAACATTTGTAAGACGATTTCTACAACATTCAAGACATCCGATGTCACACTGATCATAAAGTCAAGGAATAAGCTGACAGCTGATTACAATGTCAAATATGAGCCTGTTTTATTCACATTATCAAATGATATATCTGTCCTGAATGTATTAACCCATTGATAAGCAACACGAACCCTGAAGTGCTCGCTGTAATCGGATAAATTACTTAAACTTGTACTGCTGTTTGGTGGTTTTCGTCTTTTTTCAAAATTTACATAACTCAAAAAGCTTCTGCTAAAAATTCAATGCCTTCAGCTTTTTTTTTTTTTTGAAAAACCAGAAAAAATTAAAACACTTGACCCGGAACATTAGTAGGGCATTTTCTCAAACTATTTTTTCCCCACCTAAAAATTTTGTTGAAAATTTTGAACCCTGAAAATAACCTTTGAATTAGGGTTCCCCCAGATTTCAGTGTAAATCTTTTTTACAAAGTGTTTTATTGGAAATTCCTTAAACAATTCCCAAGGATTTTTAAAC
,21407,CU991962,0,0.16035119,0.20348242,0.8090925,0.14098868,9.07805,19,2.4411666E-08,0.0007781219,21407,252,72,CUST_13506_PI419289827,CU991962.p.cg.6,CU991962,,AAAGTATGGAGATCAGTTTTTCAGGTAGCAGATGTGATGTATGTCCAGCATGAATTTTTT,CU991962.p.cg.6,,GATTATCATGTTTTATTCTAAATCCGTTTAAATTAAGGCAGAATTACAAATGTACTATAACCATTATAGTTTCATATCTCAAATAGCAATAAATTTATTGAAAGTTGAGATGTGCTTAAAATATTAAGGAGGCGAGGTGGTTAACAAATCAGCGATCAGATCTACCTAACTTTTTAGATAGGAATTTTTAAAGCTATGAACTATCATATTATTAAGTAAAAAAAATAGTTTATATTAAAATTGAAAATTTCCCTATATCTTGATACAAATCTCTTTTTTTTAAGGAGATTAATATAGTCCTTAAAATGGTCAGGACCACCCAGCCCCCTTAAAGTATGGAGATCAGTTTTTCAGGTAGCAGATGTGATGTATGTCCAGCATGAATTTTTTTTTAGGAGATTTACGTAATATTTCAATTGTCTCAAACCCTGTAAAATGCTCAGTTTTTAGTTATATTGTTGATATAATGATTTTTGTTTTAATGCTGTTTTGACTGAATTAATGTTTTAATAATAGTTCAAGAAAAGTCATCTCTAGATGACATGAAATAGAGATTTGATGTGTAAGTCAATAAAAACAAAGGTTATGATGTAAACAATAATATGTTAACAAATGATTATAAAATCATTGACTTACACAGCAGCTATTTTTGTATATAATTATGTTTTCTAGTTTGGAACAGCTAGAATTTATTTGGTGCACCAATTCTACATTTATTTCCTGAGNTTGTTATACTATTTTACAGTAAGAAGCAAAATAATTATCTGATAAGTTGAAATGGGACAAAAAACATATTTTGT
,21490,EF219426,hypothetical protein BRAFLDRAFT_118409 [Branchiostoma floridae],2.0047092,0.53639805,0.4970481,0.40570644,7.7655315,20,1.8399805E-07,0.0058597857,21490,253,70,CUST_24584_PI419289827,EF219426.p.cg.6,EF219426,hypothetical protein BRAFLDRAFT_118409 [Branchiostoma floridae],TTGATCTTGGGGCTGTTAACAACGTTGACAAAGTGGTCATCTATAACCGGAACGTTCAGG,EF219426.p.cg.6,,ATGCTCGTGGACTGGTTGTCTGTGCTCTTCGGGGCGCTCTGTGTCTATTTACAGACCAGTATAAGCGATGGAGCGTTGCCAAACAAAAGGCAAATGGATCAACTGATCAAAGGAGTGAAATGGAACTGGGAGCACCAGAAAACTTATGCAGTAGTGAAATCTGGATCAGGATATATTGATGTTGACGTCGTTTCTAAATATAGACTAGATGGACGATCGAAACTACCTACAACTAAGCCACCCCGACCGCCAACTAAGAAAACAGTTAAACCACCACGACCGCCAACTAACAAAAATCCACCAAAACCGCCACCAAGACCGACAACCAATAAAAATAAAAAAATTAATCCACGACCGCCCACTCAAGTCGGTGGTTCTAAAAATCTTGCATTGGGAAAAAAGACATATATGAGCAGTGTTTATGGCAGATTCGGAGGACAATATTGTGTCAACGGAAATACAAAAGATTTTTGTCACAGCCGTTACCAGAGCAACCCATGGCTTCGAATTGATCTTGGAGCTGTTTACAACGTTGACAAAGTGGTCATCTATAACCGGAAGGGTCAGGGAGGACGTTTTAGGAATGCATTCATACATGTTGGAGTATCATTAAATAGACTGAGGAAATGTGGGTATTTCAGAGGACCCGGAAGAAACGGTCAAAAGATAACAATCAAGTGTCCTGGTGGAATGAAAGGACGTTTTATTCAAATACAAGTCAGGGCGAAAACATTTTTACACCTTGACGACGTGCAAGTTTTTGGAAACCCTGGTGCTAAGGTCGGTGGTTCTAAAAATCTTGCATTGGGAAAAAAGACATATATGAGCAGTGTTTATGGCAGTTTCAGAGGACACTATTGTGTCAACGGAAATACAAAAGATTTTTGTCACACCCGTACCCAGAGGAACCCATGGCTTCGAATTGATCTTGGGGCTGTTAACAACGTTGACAAAGTGGTCATCTATAACCGGAACGTTCAGGGAGGACGTTTTAGGAATGCATTCATACATGTTGGAGTATCAATAAATAGACTGAGGAAATGTGGGTATTTCAGAGGACCCGGAAAAAACAGTCAAAAGATAACAATCAAGTGTCCTGGTGGAATGAAAGGACGTTTTATTCAAATACAAGCCAGGGCGAAAACAATTTTACAACTTGCCGACGTGCAAGTTTTTGGAGGTTAATTAGACTCTGTTAACCAAGAGCATATACTTTGCTTT
,21821,AM865235,0,-0.24947582,0.18810499,1.795031,0.5810808,11.595846,13,3.148349E-08,0.0010035047,21821,257,61,CUST_29224_PI419289827,AM865235.p.cg.6,AM865235,,AAGCACAAGTCCCTGAATGGATGCTCCTTGTTGACCTGTGAGCAAAAGAAAAGAAAGCAC,AM865235.p.cg.6,,AGAAAAGACCCCAAAAGATCATTAAAATTACAAAACACAGGTCGGTGCGATTCGTCAAGAGGAGAACTCGATCAGCTCTGGACAACTTTCTGGGTAAATCTCTGACGTTTGTCCTGAACACCATGCTGTGGGTTTCGGAGGGAATCACACAGTGTTTGGAACCAAAGGCCATAACTACGTCAGAAAAACACGTGCAAACGTCACCGATATCTACCGAGAAAAGTCCGGAAATGGCTTGGATTGACAAGATTACAGAGGAAGACCAAAGTTTATTGGAATTATTCAGAAGATTTTTGATGTCCCCGTTGACATTTTTCATTTGTTTTCTGAAAGAAACTAAGATCTTTATAAATGGATCAAAGCATAACAAATCTTCCCATTCCGGTCCCGTCCGGAAATCGACGCGTAGCGTCAAGTCAAAGACGATGAGTCCAGAAAGGCTACAGGAAATTCACGCCCGCAGAAAGGTATCCCCCAGAAAGCGCCTCCCTTCGTCCTCCTTCCTGGGAAATCTGAAGAACGCCACCTTCCGGTTGTTTGGACTCTCCACAAGTCACGTGAAGCAGACAGACATCCGGAAGTTTCTTACCTGCAGCAAGCACAAGTCCCTGAATGGATGCTCCTTGTTGACCTGTGAGCAAAAGAAAAGAAAGCACCCCGACCATCTGACGGCTCCGAGGATGACCTCCCTAACCCTGACCTAGACCGCTACCTTTCTAA
,21926,AM863555,0,-0.8907996,0.21426022,0.24591903,0.33683625,9.8638315,18,1.1024271E-08,0.00035148684,21926,258,81,CUST_4940_PI419289827,AM863555.p.cg.6,AM863555,,TTCAGGCTGTATTGGATTTGAATTGGTCAAACCAAAATTATCACCTCATACTACTCAAAG,AM863555.p.cg.6,,ACGCCGAACAGTGCCGAAAGAAACCACACGCCTGCCGTTTATATTGTAAAGAATTTGTCTAGTATAAATCAATAATGATAATGGGAAAACCCGAAACCCCTCACCAGTGGACTCTCCCATGTATATATATAAGTGAGAGAAGCTGAGGGTCTGTGCCATTTGCTGTATTAGCAGCTGAAGGAGAAAGTAAAAGAAAAACTGTAGTAAACTTCTTGACCTACACAATTAGATAAATGGCCCGAATAGAACCACGCTGTTCTGTTGTGTGGTATTGTGTGTCAGAGAAGGCAATCAGTTCCAGGGTTAGGGGTCCGAATAGAGCCGACCTGGTCTGGAACATGCCTGTCCATTATATGAACAGAAGTTAGGTTCTCCTCCTTCATTACCAATCGTTTGTTATTCTTAATTCACTCTTGATTATATCCAAAATAGGGCCATTTGAAATGAAATAGTATAATAATTTCGGTCGGAGCGTGGCCAAATCTATGATAAAGCCCTTCAGGCTGTATTGGATTTGAATTGGTCAAACCAAAATTATCACCTCATACTACTCAAAGATTGATTCAGTATTCCTTAAATCTAATTACCGATTCGGAAAAATTGTATGCCTTTTATATATGCATTGGCTAGCACAAAAGCGAC
,22942,DV736704,0,0.2511312,0.23065738,0.9162186,0.16113468,8.1883545,19,1.18413844E-07,0.0037721915,22942,270,77,CUST_18249_PI419289827,DV736704.p.cg.6,DV736704,,TTCAATGGTACACTGCTGTTGAATGAAATTTGCTTATGTATGGCCTCGAAATCTTTTGTT,DV736704.p.cg.6,,GATCACGTGTTAGGAGCAAGCACTGCCTTCGTCTCTGGGTTTTCAATGGTACACTGCTGTTGAATGAAATTTGCTTATGTATGGCCTCGAAATCTTTTGTTTATGAATTAATATTATTTTTATCTTACGAACAATAAATATGTAAATTG
,23789,AM868375,0,-1.3061248,0.306474,0.6837259,0.37198985,14.301578,21,2.688516E-12,8.579324E-08,23789,280,74,CUST_6799_PI419289827,AM868375.p.cg.6,AM868375,,TCTCTGAATAGCATAAAAAGCCCAAACGGGCTCAAGCCAAGCGAAAGAACACATCCCAAT,AM868375.p.cg.6,,TCGCCACGAGTTCGGTGTGATTTTCGGAGTGAACATGGAGAGCAGAGAAAAGATGTCAATTTTTTCAACCGATTTCCCGGGGGTGACTCCGATCAGGGGCTACAGACAAGACTTCACTGACAACTACTCACTTCGTCACACGAGGTTCGGGGATCAATGTGCACAATCAAGATTCGACGCTCTCTATCTACATGACTGCGCACAATCTATGTCCAGGGACACATCATCACTACAGCTTGATCACCTCCATTTCCCGCCAATAAAATACCCGGAGTTGGAACGTGAAGTAGCAGTCAAGTTTGAACCGACTGAATGTTCTTCCGATACACTGTTGCCTAACGCCTTCTCTGAACTGCAGCAAGGATACAGATCAATTAAACTAGAACCTGACGAGTTTCCAACAGTAAATATCAGAGATTTGGGGAGTAGTGTACTACAACTGTCGAAAGATGATAAGACATGCACGGATTCCAAAGAATCGGGTGTTTCCCGATTACAATATTTCCAGAATAATCCACAGCTCCCACTTCCCCTACGAGAACCTCTTGTTGACATGACTAATGCTCTANGTTCTCTGAATAGCATAAAAAGCCCAAACGGGCTCAAGCCAAGCGAAAGAACACATCCCAAT
,24867,AM861118,PREDICTED: coiled-coil domain containing 45 [Taeniopygia guttata],-0.8659665,0.2072673,0.86182886,0.5273288,10.563466,14,4.717713E-08,0.001503488,24867,293,47,CUST_3962_PI419289827,AM861118.p.cg.6,AM861118,PREDICTED: coiled-coil domain containing 45 [Taeniopygia guttata],CGAAATCAGGAAGCTTCTGGCTAGAATCAACAATGATGCGGAGACGATTGCTCAGTATAG,AM861118.p.cg.6,,GCGACCAGTCATGCACAGATAGAGAGTGGTCCCGTGAAGGGTCTCGAAAAGGAGATCCTTGGTTTGGCCAAGAGAGCATTCAGACCATTAAGACATCTTCAGCAGTTTGAGTCCATAGATGACATATGCCCCGCCCATTTTTTCCAATTGTTTGAGGACGTTTCGGGTGAAACAGTTCTAGGATGGAAGGAGACCAAAAACAGACGACAGGAAGCCAACATGTGCCAGTTCCTGATCAACACACTGGAGGACGACGTGTTCGGGCTCCCTCTGGACCACATCACCGGGGAGGCCATTGCCGAGGGAGACCCCCGGAGTCTGAAGGACCTCCTAGAGATCTTCTGTGAAATCTCCGAGGAGTTCGGTAGACGGTCACCGCTTGCTGACATATCAAATTTGAGATCGCCTGAGGCCAAGAACCGAGATCTAAAAAGTGCTGGAGATATAACGGCGGATCAAGGATTTATTCCACCCGAAATCAGGAAGCTTCTGGCTAGAATCAACAATGATGCGGAGACGATTGCTCAGTATAGCCAGAGCTGTGGTCTCCTGGACGCCTTCCAGTCCAGTAATCGGATCAAGGAAATCTTTACCCAAACGACCACAGTTCCTATG
,25292,FP004996,0,0.95670253,0.17877868,2.1816742,0.38863793,9.9194975,15,5.5569934E-08,0.0017709027,25292,298,47,CUST_21521_PI419289827,FP004996.p.cg.6,FP004996,,CCCCGGAGATTCGGACGCTCTTCTAATTTATTTTTGGTCATTTGTATAAACATCATATTT,FP004996.p.cg.6,,GGGATGATGTTGACGATAGTGTCGATGATTATGATGGCGATGGTGATGATGATGATTGTGGTGACGAAACTACTCTAGTTGTGGTTGTCCGTAGTTGGTTCAGGACTACAGCCCCGGAGATTCGGACGCTCTTCTAATTTATTTTTGGTCATTTGTATAAACATCATATTTTTTCTTGTTGAGTGAAAGTTGTGTGAGTGTTTGTGTGGTTTAGTGTTTATATTTCTATCTTTTCTTTCTTTCTC
,27018,AM860997,"""Toxoplasma gondii ME49 hypothetical protein, mRNA""",0.28618738,0.37426725,2.5033066,0.17992225,18.49484,15,9.772405E-12,3.1182768E-07,27018,318,73,CUST_24974_PI419289827,AM860997.p.cg.6,AM860997,"Toxoplasma gondii ME49 hypothetical protein, mRNA",GACATCCGATATTTATCATATAGTAAAGACGTATTGCCTTAACTCGTACCTGGTTTTGTT,AM860997.p.cg.6,,ACGATCACTGGATACGAACAAGACGAAAATGATGCACCGAAACGAGGATATGTGAAAAGTTCGTATGAGGAAGATGATGACGAAGAGAATGAAGAGGACGAAGAGGATGAAGAGGACGAGTCTAGCGAAGGTGCATATCAGGAAAATGACGATTGAATGTGAAACTCATCATGTGAAAGTATCGAAACTTCGACTTTTGAAGAAATCGTATGATGATAATTATGACGATTCTAGTTAAGTTGATAATTCAACAAAAAATGCTTATAAAGATAATGAGGACGACATCCGATATTTATCATATAGTAAAGACGTATTGCCTTAACTCGTACCTGGTTTTGTTATATTTTATTGTTATATTAGTTATGTTGGGAAATAAACTATGAAAATTTA
,27136,FP089842,(sp:P91753) Mitotic apparatus protein p62 OS=Lytechinus pictus PE=2 SV=1,1.7254604,0.26544023,2.5357323,0.13774154,9.385918,16,6.58499E-08,0.0020983072,27136,320,21,CUST_24477_PI419289827,FP089842.p.cg.6,FP089842,(sp:P91753) Mitotic apparatus protein p62 OS=Lytechinus pictus PE=2 SV=1,GTTGTCAAAAAGGGCAAAAAATAATTTCGGGAGAGCCTAACCTAGAAATGTTTTGTTTGA,FP089842.p.cg.6,,ACGAGGGGGGGGGGGTTGGGGGTTTCCTCCTTTCCCCCTTTTTCCCTTAAAAATCCCGTTTTGGGTGCCTCAGCTGGGGAAAGGGGGGGGGATTTGATCCAGATGGAAACCAAGGGCTCCAACAGGAAAGACTAAAGGGCCCCCATTGTTTCCCTGGCCCTGGGCAAAAAGGACATGTGTGCACTAGATTTAAGTTTCGGAGAAGAGGTGACGTTTAGACTGGTGGAAGGATCAGGGCCTGTCTTTCTTTCTGCCCAGGAACTTGTGGAATACCCGGAAGATGGAAACCTCAGCCAGGAAGAGGCCCCAGAAGATTTCCCAGAGACGGAAGAGGACGAGCTGAAGGGAACGGAGGAAGAAGACGAAGTGGAGTCGCCCAAGAAGGGGGCCAAAAGTAAGAAGAGGAAGGCGTCGGCAGTCAAGGGCAAGGGCAAAGCCAATTTTGAGGATGAAGACGAGGAGATGGAGAGTGAGGAGGAAGAAGAGGAAGATGCCGAGGAAGAGGAAGAAGAGAGCCGTCCAGAGAAAAAGAAAAGTTCCCGAAAGGCCAGTGCGAAGGGTGGAAAGAAGGTCGCCAAAAAGGGCAAAGTTGTCAAAAAGGGCAAAAAATAATTTCGGGAGAGCCTAACCTAGAAATGTTTTGTTTGAATTATTTAGTGCTGCATAATAAACATGTTCCCCCCTT
,28239,FP089873,0,1.575646,0.29093117,2.5351262,0.13791674,10.32326,15,3.2826065E-08,0.0010462651,28239,333,19,CUST_24482_PI419289827,FP089873.p.cg.6,FP089873,,GGTCCCCAAAAAGGGCAAAGTTGTCAAAAAGGGCAAAAAATAATCTCGGGAGAGCCTAAC,FP089873.p.cg.6,,GGGTATTATAACATCTTATTTGTTTTACCTTGCCAAGGTGTTTTTGTGTCGTGCCTCTTTTTCCAGTACCCTCTGTCCAAACTTCCCCACTATTGTTTTTCTTTCACAAAAGAGTTACCATGGTTATAAGCTTCTTTTCCCTCTTCACTCGGTTATTTTTTAATAAATCCTCCTCTGTGGGTGCCCCCAGTTTGGAAATCGGGCGGGGAATCTTATTCCCGGTTGGAACCCCAGGTCTTCCCTCTGGGAATGCCCTAAAGGGCCCCCATTTTTTCCTTGTCCCTGGGGCAAAAAAGGACATTTTGCCTTTAGTTTTAAGTTTTGGAGAAAGGGTGACGTTTAGATTGGTGGAAGAATCCGGCCCTTTTTTTTTCTTTGCCCAGGAACTTGGGGGATCCCCGGAAGGTGGAAACCTCCGCCCGGAAGAGGACCCAGAAGTTTCCCCCGAGACGGAAGAGGACGAGCTGAAGGGAACGGAGGAAGAAGACGAAGTGGAGTCGCCCAAGAAGGAGGCCAAAAGTAAGAAGAGGAAGGCGTCGGCAGTCAAGGGCAAGGGCAAAGCCAATTTTGAGGATGAAGACGAGGAGATGGAGAGTGAGGAGGAAGAAGAGGAAGATGACGAGGAAGAGGAAGAAGAGACCCTTCCCGAGAAAAAGAAAAGTTCACGAAAGGACAGTGCGAAGGGTGGAAAGAAGGTCCCCAAAAAGGGCAAAGTTGTCAAAAAGGGCAAAAAATAATCTCGGGAGAGCCTAACCTAGAAATGTTTTGTTTGAATTATTTAGTGCTGCATAATAAACATGTTCCCCCCTT
,28569,AM864378,0,0.3405038,0.4238764,2.0147436,0.53008646,8.545091,20,4.1486537E-08,0.0013222174,28569,337,9,CUST_26063_PI419289827,AM864378.p.cg.6,AM864378,,TGTCCTTGCCTTTATTACTGCGTATACACTGTTATTCAGGATACATGCCTTTGTATATAC,AM864378.p.cg.6,,AACATCGACGGAGGGAAGAAGATAAGTTTGATAAGTTTGAAACTAAGTACCTATATAAGGACCACTATCTTCCATGATGTCAGCCACCCACCACACAAATACTACCACGGTAGTCATGGCCGCTCCCCAACCCACGGTAGTGGTCCAGCAACCCAAGAGGGAAAGGTTTGCGGACAAAATTTTGCTGAACCTCATAATCTCGTTTTTCTTCCCTTTCTGGCTCTTTGTGTGGTGCTGCATGTGTATTTGTGAAAAGTGACACAGCGCAAAGGATCCTCTGGCGATCATTTCTGTGCAAGGATCATGTTCACAAAATGTTGAGACGTGACTTTTCATCCGTAGACTCCATAAATATAATTTATGTGTCCTTGCCTTTATTACTGCGTATACACTGTTATTCAGGATACATGCCTTTGTATATACTTTTGTATATTTATGTTCCGCAATCAAGCATAAGATAGTTAAATTAAATGCATAATACAACAGTC
,29033,AM868083,(sp:P51637) Caveolin-3 OS=Mus musculus GN=Cav3 PE=1 SV=1,0.36996555,0.09626663,1.9573365,0.45629537,11.791435,11,1.392722E-07,0.004435959,29033,342,48,CUST_6685_PI419289827,AM868083.p.cg.6,AM868083,(sp:P51637) Caveolin-3 OS=Mus musculus GN=Cav3 PE=1 SV=1,TATTCCATGTGTATCAATTGCTGTATGACCCCGTGTGTGAAGCTTTTGGCGGGATCTTTC,AM868083.p.cg.6,,CCTTACTGGCCAGTGCGGTCACACATTTGGAAATCCATTCCCAACCTGTTTAATGCGTGCCTCAAACCACTATCCCCCGGTAATGTTGTACCAAGATGCCATGGTGGATTTCATGGACACGTTTTGTTTTGGCAACAGTTTCTAGGGAAATATTAGGGTTATAGATGGCAGAGGATATGGATATGACTAACCGGGACCCGAACAATTTGAACAGTCATCTTGGGACGCTGCTTTTCAATGACGTCATCGGTGAACCGGACGGGGCGCATAGTATCGACTGTGTTTGGAAGTTGTCGCGCGCCTGTTTCGAGTGCTGCAAGGGCCTATGCTACAAACTGATGACGCTGTGTTGCGGATGTTGCATAGCTGCGCAGTGGGGTTGCGAGTTCGCATACATCGCTTTCTGGCATGTCTGGTACATCACCCCGATGTTCAAGGTTCTGGAGATNCACTGTTCAGTCTGTCAGCGCCTGTATTCCATGTGTATCAATTGCTGTATGACCCCGTGTGTGAAGCTTTTGGCGGGATCTTTCCCACTTTA
,31244,AM861162,hydrolase [gamma proteobacterium NOR5-3],0.12202036,0.1711391,1.6923952,0.49923927,10.307639,13,1.2645062E-07,0.0040279576,31244,368,49,CUST_3978_PI419289827,AM861162.p.cg.6,AM861162,hydrolase [gamma proteobacterium NOR5-3],TATACAGCTGCGAAACTTTGTAGCCATCATGAGAGACGACATCAGACCGGAAACATATGA,AM861162.p.cg.6,,GGCGATCCAGTTGACCTATTTCCGTTATCCGACTCGGATAAAGCTAGCCGTATAGTGGCGCTTGCAGGCGGTGTATCTGAAGTGTTGAGTGCGGCAATCAAGGCTTGGAATGACAACGATATACAATGGGCCCTTGAGTTAGCTTCATACGTTTTGGTGGTTGATGACAGGAATGCAGAGGCCAGAAAACTAAAGGTGGATTGTCTCACACTCCTAGGAATGCGGAACATTAATGCTATTGCAAGCAACTACTACATTACCAGTGCCCTGGAAACTTCAGGCGCATTGCATCTAGAAATCGACGATAAACACAGAGCGGAGATTATACAGGCACTCGGAGCGCGAGAGTTATTCGAACTGGTGACAACTATGTACAAATACGAAGAATGCGGAGGTCGTTCCGATGTAGTGGTGTTCGAAATCACTGATAAGAAGGAACTGTATACTATACAGCTGCGAAACTTTGTAGCCATCATGAGAGACGACATCAGACCGGAAACATATGATCTCCGAG
,31406,AM865748,0,-0.25809067,0.22348876,0.9119902,0.31369615,10.523472,19,2.2993076E-09,7.333871E-05,31406,370,41,CUST_5790_PI419289827,AM865748.p.cg.6,AM865748,,TAGGTCCATTACACACCTGCTGGTCTTTTTAATTGTTAAGTGTACTTGCAATACGAGAAT,AM865748.p.cg.6,,TTCATACTTCATGTGTTCAGACGAACGTCTTGACTCGCCGCTGTCTATAAATTCATTAAGTTAACGATTGTTATTCCGAATACACTTCTTACAGAAGTTGTGAAATCCGGTTATCTAACAGAACAAAACTGGAAGTAATAAAATTGGTTCAAATAAATTAATAACGTTGGAACATGTGCATAGAAGGATAAAATACATGTTGGTGCACAGTTTACAATTGTATTCATACTTTTGTTTACAGATGCTAACCATGCTAAGAATATTAGTGGTAAGAGTAAAACAAGTCCAACGTTGCAAGAAAACCGCTCTATCATGATATTCTTTAACATTTGGTCTCGTCCTCTATGATTTTTGTTTGGAAAGGTATCGACTATCGGCTGCGAGATTACATTGTACAGAGCTTACAGTCTTCTTTAATAGGTCCATTACACACCTGCTGGTCTTTTTAATTGTTAAGTGTACTTGCAATACGAGAATTAATAACATTGCTATTTTGACTAACTTTTCAATAAGTTACTTAGCCTTAACTATTTGAATCCTATATATGGTATCGTCAGATGACTGAGAANATCAATTAACCGTATCGGAATAATCTGGTTTTAATTCTTTAAATGAGCAACATATTTTNCACT
Males,32451,AM863473,(sp:O94813) Slit homolog 2 protein OS=Homo sapiens GN=SLIT2 PE=1 SV=1,0.7834825,0.37216353,-0.5038313,0.34655485,8.769115,21,1.8334685E-08,0.0005844731,32451,382,66,CUST_4910_PI419289827,AM863473.p.cg.6,AM863473,(sp:O94813) Slit homolog 2 protein OS=Homo sapiens GN=SLIT2 PE=1 SV=1,AGTTATGTCTCTGCGGAATCTTCGGTTTGAGATTTGCACCATCGGCGATATCCATCAACA,AM863473.p.cg.6,,TTGTTTTTGGAGAAACATGATGTTCCCTCAGTTAAACACCTCAGTATTCTGATTTTCGTAATGGAAAAAGAAGTTCTGGTTTGCGGCCAGGAATGTCCGAATCAATGCCGCTGTCAGAACTCAAGGGTCAAATGTCATCGTCTGCAAACCTTTCCTCGCCTGGGATTCCCGGGAAACACAACTAAAATCGCATTTGACCACGCGGATTTGGATGAAATTCCTACCAATGCTTTTCATGGTCTATCTTCGCTGGTTGCTGTCGAGTTTACCGAGTGTTCGATTTCTTCTATTGCTGTGAACGCTTTTTCAGAAGTTATGTCTCTGCGGAATCTTCGGTTTGAGATTTGCACCATCGGCGATATCCATCAACATGCATTTGCT
,32629,EF219427,hypothetical protein BRAFLDRAFT_118409 [Branchiostoma floridae],1.9565817,0.56388074,0.38821805,0.40824598,7.8042994,20,1.7053574E-07,0.0054313927,32629,384,74,CUST_24585_PI419289827,EF219427.p.cg.6,EF219427,hypothetical protein BRAFLDRAFT_118409 [Branchiostoma floridae],AGGACGTTTTAGGAATGCATTCATACGTGTTGGAGTATCAATAAATAGACTGAGGAAATG,EF219427.p.cg.6,,ATGCTCGTGGACTGGTTGTCTGTGCTCTTCGGGGCGCTCTGTGTCTATTTAAAGACCAGTATAAGCGATGGAGCGTTGCCAAACAAAAGGCAAATGGATCAACTGATCAAAGGAGTGAAATGGAACTGGGAGCACCAGAAAACTTATGCAGTAGTGAAATCTGGATCAGGATATATTGATGTTGACGTCGTTTCTAAATATAGACTAGATGGACGATCGAAACTACCTACAACTAAGCCACCTCGACCGCCAACTAAGAAAACAGTTAAACCACCACGACCGCCAACTAACAAAAATCCACCAAAACCGCCACCAAGACCGACAACCAATAAAAATAAAAAAATTAATCCACGACCGCCCACTCAGGTCGGTGGTTCTAAAAATCTTGCATTGGGAAAAAAGACATATATGAGCAGTGTTTATGGCAGTTTCGGAGGACACTATTGTGTCAACGGAAATACAAAAGATTTTTGTCACACTCGTACCCAGAGGAACCCATGGCTTCGAATTGATCTTGGAGCTGTTAACAACGTTGACAAAGTGGTCATCTATAACCGGAACGTTCAGGGAGGACGTTTTAGGAATGCATTCATACATGTTGGAGTATCAATAAATAGACTGAGGAAATGTGGGTATTTCAGAGGACCCGGAAAAAACAGTCAAAAGATAACAATCAAGTGTCCTGGTGGAATGAAAGGACGTTTTATTCAAATACAAGCCAGGGCGAACACAATTTTACAACTTGCCGACGGTCAAGTTTTTGGAAACCCTGGTGCTAAGGTCGGTGGTTCTAAAAATCTTCCATTGGGAAAAAAGACATATATGAGCAGTGTTTATGGCAGTTTCGGAGGACACTATTGTGTCAACGGAAATACAAAAGATTTTTGTCACACCCGTACCCAGAGGAACCCATGGCTTCGAATTGATCTTGGAGCTGTTAACAACGTTGACAAAGTGGTCATCTATAACCGGAACGATCGGGGAGGACGTTTTAGGAATGCATTCATACATGTTGGAGTATCAATAAATAGACTGAGGAAATGTGGGTATTTCAGAGGACCCGGAAAAAACAGTCAAAAGATAACAATCAAGTGTCCTGGTGGAATGAAAGGACGTTTTATTCAAATACAAGCCAGGGCGAACACAATTTTACAACTTGCCGACGTGCAAGTTTTTGGAAACCCTGGTGCTAAGGGTAAGGTCGGTGGTTCTAAAAATCTTGCATTGGGAAAAAAGACATATATGAGCAGTGTTTATGGCAGTTTCAGAGGACACTATTGTGTCAACGGAAATACAAAAGATTTTTGTCACACCCGTACCCAGAGGAACCCATGGCTTCGAATTGATCTTGGAGCTGTTAACAACGTTGACAAAGTGGTCATCTATAACCGGAACGTTCAGGGAGGACGTTTTAGGAATGCATTCATACGTGTTGGAGTATCAATAAATAGACTGAGGAAATGTGGGTATTTCAGAGGACCCGGAAAAAACAGTCAAAAGATAACAATCAAGTGTCCTGGTGGAATGAAAGGACGTTTTATTCAAATACAAGCCAGGGCGAAAACAATTTTACAACTTGCCGACGTGCAAGTTTTTGGAGGTTAATTAGACTCTGTTAACCAAGAGCATATACTTTGCTTT
,32806,AM858715,0,-0.6027306,0.17835765,1.7991967,0.7440298,10.874947,12,1.436578E-07,0.0045755007,32806,386,81,CUST_31805_PI419289827,AM858715.p.cg.6,AM858715,,GCGCTCTTATCAGAAATGTCACTTGTTACTGTACTTCTTTTTCACAGAAAAGGTGCTATT,AM858715.p.cg.6,,GAAGGGGCACGACTGGGCCATCAACCCGGATTATGAGGATATGTTTGACCATGGAAGCTTTCTCCGGCGTCGGTATAGATTCAAGGACGGATCACGGAAGAAGTCCCGACTCGGAGCGACTCCAGGATCCCTGAACACCCCGTTACCTCCAGTGGATATTCTGAACAACCAGGACCACTTTCCCAACCGATCTGGATACATCCAACAATTCCAGCCCAAACCTTACAACCAGTTGAATGAGATCAAACCAAACCAGGTGGTCACCCCTCTATGGAACCCCTTCGTGGAGAGGTCTCCCCCGCCCCCGTACCCAGATATCAAAAGCCCGCCATCTTACGCCAACACGAGTCTGGAATCGACATCACCCGTTTCCAATGTGGACGGACACTTGAATTCTTCTGGGAACAGCGCATCGCCGGACACCCCCCGAGGTCCTCCCCCTAACTACGGCCACAGTAACGGGTTCCCCGGATTCTGGCCGCACGGTCAGGGTTTCGGCTCTGGCTGTCCATTTCCTGCCTTTACATTCCCACAAAACGCCCACGATAACAACGCCTACCAAATGGACGCCGACCCTGCCTGTACAACAGCGATGTATGCCAAGTTCTTCACCCCCGGACAACATATTCCGGATGTTGCGCAATGGCCCTCTATATGAACAGAACATTTAGGATGCTCCACTGTGGTCCCCCGGTCCATGAACAATGTTGAAGTGAATGCGCTCTTATCAGAAATGTCACTTGTTACTGTACTTCTTTTTCACAGAAAAGGTGCTATTCGTTTTAAACAACATTTTAATTTTTGCAATCAATGCTTTTAAATTGTAGATATGTTCTTTTATTCGAAAGAAAAATAAACATTTTATATTTGC
,33033,CF369228,hypothetical protein BRAFLDRAFT_125849 [Branchiostoma floridae],1.9467043,0.5624707,0.39271435,0.4189212,7.675637,20,2.1961661E-07,0.006993471,33033,389,53,CUST_24740_PI419289827,CF369228.p.cg.6,CF369228,hypothetical protein BRAFLDRAFT_125849 [Branchiostoma floridae],CCCAAAATAGAGAATTTTCAAGTATGTTGTACCATTGACAGGGGTAAAAGGGAATGTTAA,CF369228.p.cg.6,,ACGAAGAAGATATCCATATTCGAACGGCAGGCGCAGATAGAAATTACGTAAAGCTGACCACAGAAGTTTACCAGAATGCTCGTGGACTGGTTGTCTGTGCTCTTCGGGGCGCTCTGTGTCTATTTACAGACCAGTATAAGCGATGGAGCGTTGCCAAACAAAAGGCAAATGGATCAACTGATCAAAGGAGTGAAATGGAACTGGGAGCACCAGAAAACTTATGCAGTAGTGAAATCTGGATCAGGATATATTGATGTTGACGTCGTTTCTAAATATAGACTAGATGGACGATCGAAACTACCTACAACTAAGCCACCCCGACCGCCAACTAAGAAAACAGTTAAACCACCACGACCGCCAACTAACAAAAATCCACCAAAACCGCCACCAAGACCGACAACCAATAAAAATAAAAAAATTAATCCACGACCGCCCACTCAAGTCGGTGGTTCTAAAAATCTTGCATTGGGAAAAAAGACATATATGAGCAGTGTTTATGGCAGTTTCGGAGGACAATATTGTGTCAACGGAAATACAAAAGATTTTTGTCACACCCGTACCCAGAGGAACCCATGGCTTCGAATTGATCTTGGAGCTGTTAACAACGTTGACAAAGTGGTCATCTATAACCGGAACGTTCAGGGAGGACGTTTTAGGAATGCATTCATACATGTTGGAGTATCAATAAATAGACTGAGGAAATGTGGGTATTTCAGAGGACCCGGAAAAAACAGTCAAAAGATAACAATCAAGTGTCCTGGTGGAATGAAAGGACGTTTTATTCAAATACAAGCCAGGGCGAAAACAATTTTACAACTTGCCGACGTGCAAGTTTTTGGAGGTTAATTAGACTCTGTTAACCAAGAGCATATACTTTGCTTTTTAGAGAGAAAGAGGCTTACTATTTCTAGATTTAAATGTATTTTTTTACATTATAATGTTTAGCCTTTTTAACCCAAAATAGAGAATTTTCAAGTATGTTGTACCATTGACAGGGGTAAAAGGGAATGTTAATAAATAATTTTGTTAACTGAAAAACTCTGTCCTTTTTTAGGGTTTCAAATCGGTAAGCTTATTCCATAATCCAT
,33459,AM237660,(sp:P91753) Mitotic apparatus protein p62 OS=Lytechinus pictus PE=2 SV=1,1.4436156,0.26412034,2.5353475,0.13788803,12.69308,16,9.082848E-10,2.8974284E-05,33459,394,54,CUST_28637_PI419289827,AM237660.p.cg.6,AM237660,(sp:P91753) Mitotic apparatus protein p62 OS=Lytechinus pictus PE=2 SV=1,CCTTGGGAGAGCCTAACCTTAGAATGTTTTTGTTTGAATTATCTAGTGCTGCATAATAAA,AM237660.p.cg.6,,AAGACGTGCAATAACATCATGGCAGAACAGGCAAGGGAATATGTGTGGGCCTGCGAACTAAGCAAAGAAAAACCCACATTCGTGTTTTCCTTCAAAGAAGAGGATGAAGATGAAGACTACCTCATTCACACNGTTATTCCTTAAAAATGCCGTCCTGGGTGCCTCAGCGGTGGAAAGCGAGAGGAATTTGATCCAGATGGAAACCAAGGACTCCAACAGGAAAGACCTAAAGGCCCCCATTGTCTCCCTGACCCTGGGCAAAAAGGACATGTGTGCACTAGATTTAAGTTTCGGAGAAGAGGTGACGTTTAGACTGGTGGAAGGATCAGGGCCTGTCTTCCTCTCTGCCCAGGAACTTGTGGAATACCCGGAAGATGGAAACCTCAGCCAGGAAGAGGACACGGAAGATTACACAGAGACAGAAGAGGACGAGCTGAAGGGAACGGAGGAAGAAGACGAAGTGGAGTCGCCCAAAAAGGAGGCCAAAAGTAAGAAGAGGAAGGCGTCGGCAGTCAAGGGCAAGGGCAAAGCCAAAGTCTGAGGATGAAGACGAGGAGATGGAGAGTGAGGAGGAAGAAAAGGAAGATGACGAGGAAGAGGAAGAAGAGAGCAGTCCAGAGAAAAAGAAAAGTTCAAGAAAGGACAGTGCGAAGGGTGGAAAGAAGGTCGTCAAAAAGGGCAAAATTGTCAAAAACGGCCAAAAAATATCCTTGGGAGAGCCTAACCTTAGAATGTTTTTGTTTGAATTATCTAGTGCTGCATAATAAAACATGTCCACAACTCCGG
,34699,AM866105,0,-0.43173409,0.5659766,1.5040797,0.70178205,7.4379797,21,2.594226E-07,0.008260794,34699,409,19,CUST_28530_PI419289827,AM866105.p.cg.6,AM866105,,GGGACTGTGACTGCAATGTGGTCAATGATGGACTAATAATGATTTGAGTTTTTATTGTGA,AM866105.p.cg.6,,ATCTGGAAGAAATTTTTTTTGAACATAATGTCGGACGAGGAACCTTCGACTTCGAAGGGTCGTTCTTTACACACTGATGACATTATGCAATGAAAGACATACTATCAACAGCAAACTGGTCTTCGGCTTCTACTTTCCACCGATTTTACAACAGAAATATTCAGGATCAAAATCAGTTTTCTTCAGCTGTACTATCTCGGAAGGATGCCTAGCATTGAGGGACTGTGACTGCAATGTGGTCAATGATGGACTAATAATGATTTGAGTTTTTATTGTGATGAACCTTATAAGTGTAATTTTTGTGAAAGAAAGTATTTGATGACAATGAATATGATGAAATAACAATTGTATATGTTATACAATAAATATTGATTCC
,36011,CU989082,0,0.14182977,0.0855098,2.0153837,0.4088967,15.536336,11,7.869216E-09,0.00025093355,36011,424,56,CUST_11836_PI419289827,CU989082.p.cg.6,CU989082,,AGGGTTCCCCCAGTTCCCATCCCGAAAAATATTAAGAAAAATTACAACTTGCCGGACACC,CU989082.p.cg.6,,GAACGAAGTAAATGATATCCCAATGACATCTTCCAACGAACATCTTGATTTTTCTGCAACACATGTGACCATGGAAACTCCAAACCGAAAGTTCGCCAGCACTCCATCCAATGTGGATTCTCAATGGAGTGACATGGCTCTCGATTTTCAAAATGGGTCCGCGGATTCTGATGACGAGGAATCAATTCTGGAAAGAAGATTTGGCAATTCTTTAAAGAAACTGCATGCCGAGTGTGATAGCCTGCGACTTAAATGCAACCAATCCAAAAGACATCTACAGGAGGCGCGTAAACAGATGCATAGTTCATCCTCCCAGCTAGACTTCCTAGAAAATATCCGCCATGAGCCTCGCTTTGAAGACGATGTGGTCGACAACGAATTAAGTGATATTAAATGGAAACATGATGTCATGGATGAATCTTTCGATTCGGCGTACCTTACCGTGACGAGTGGAAGGTCTACGGGATATAGTACAAGAAGCCGCCCGAACTCCTCCCGATCTCCATATAACAGAGACAGCGCAGCACCGCTAGTCGCCATGTCTACTCCCAGAAGACTACGGGGAGAAATGTCTCCATCATATTCGTCCCGGTCTCTGTACTCCCCTGGATACGATAGTGCACTGGAAGATCCAGCGGAAGATGACTACGTGCTAGCCAAGAAAACAACAATACCGCGTCCACAAACAAAGGCTCCCATTCTGAAGAGGTCAACAGTGGTTACAACAAATACCACTCCCAGAGAACTTTTCAGCACCCCCGCTTAAGAAGATAAAACGGAACAGTTTGAAATTGTTGAACTGGATTTGGAAAAACGAGCACGGAAAATTCCCGGAACAATGGAAAACTCATTTTGGGGAACTTGAATCCAAAAGTTATAAAACTTAAACAGGAAATTAAACTTTTACAATCCGAATAGGGATTCCCAACCATCCCAACCCCAAAAGCGAAAGGGTTCCCCCAGTTCCCATCCCGAAAAATATTAAGAAAAATTACAACTTGCCGGACACCCCAGGCGG
,36375,AM867748,0,-0.57937664,0.08659696,1.3816013,0.52438086,12.781265,11,6.0674154E-08,0.0019334427,36375,428,80,CUST_31317_PI419289827,AM867748.p.cg.6,AM867748,,TGAGAAAGCCTTCTTCATGGATCTTCCACAAGACTGTATCACGTGCCTAACCATGACCAA,AM867748.p.cg.6,,GACTCCGACTGTGTCGATAATACTAAGACCAACTCCAAGTCGAAAACAGTATGAAGCTGGAACTGTGTTGGTTGGTGGTTGCCCTTGTGTGCGGTCTGATACGCTCCGTGGGAGGGGTGGTCAAGTTGATGTCCCTCAACACGGGACTAACGTCACGCATCCCGTACCGCCAAGAACGGTCCCAGTACATCGCGGGGCACCTAGCACAGAGTCAGCCAGATTATATATGTCTACAAGAGGTATGGCACTATCGCGAGCTGTACAATATTGTGAAGCAGAACATCGCCACCTATCCCCACTCGTTTAGCGCCATACACAGCAGTACCCCTAGCCTTCTCAGTAACAAGGGCTTTCACTGGCCGCCATGTGCGCGATTTCAAGTCGTCAAAATGTTTTTCANAATGTGGTGGTATGGTTGTACGTCCAAAAAGAATGACGTCGACCGGTTGGTCTGTGTGACTGAGAAAGCCTTCTTCATGGATCTTCCACAAGACTGTATCACGTGCCTAACCATGACCAAGCTCACCGCCAGTGCTGCCTTTAGCAACTGCCTGGGATCTATTAGGAACCAATG
,36481,AM858055,0,0.93470985,0.2757278,0.040600535,0.20592414,9.000141,20,1.8035829E-08,0.0005749642,36481,430,16,CUST_31761_PI419289827,AM858055.p.cg.6,AM858055,,GTTGGTTGGTGTTTTTACTGTTACCAATTCATAACAATTTGTCTTGTCTATACAACCCTC,AM858055.p.cg.6,,TTTAGAAAATAACAAACAGTTGAATAAAATGTCATGTGATCCATGTACACATACACAAAAAAAGTCAAGTGAATTGAGAAGAGACAAATACATGTACATGTAGATTTCTTCAATATACAGCAGTTCAGCTGTGCTTTTGTATAACGAGTGGAAACCGGTTATTTAAAATGCTGTCGATTATTTTATACTTCAAGTTGTGACAACAAGTCTATCAAGTGCACAATCATGATATCTGTTGTAACTTTATACCGAAACTGCTGGACATGTGGATTTATTTGCTACTTTATCATATAAATCTTAACAGTAGCCTTGTATCAGTTTTGGCAAAGAGTCAAAGATTTGCATGTTAGAAAATTTTAGTCGTAAATTCTCCCTGTATGATTTATTTTGAATGTGTTTACTCTTCCATTATGCCAAATTATGTGGAAAAATTATGAGCCAATGTGTGTTTCTTATATTATTCACCGTTAATGAAGAATGAATTATGATAGGTTTGATTGTTTTTTAAATTTATAACGAAATCTCATCTGCACTTGTGTTCCTTACCAAGGGTATCGAGATTTTCAGATTGTCAAATTTTGAAAATAATCTTGACTGTGCCATTGATTTTTATTTTTTTTTTCAATTGGAAGGTTATCTATTGTATGAAAAGAATTGCGTGCTCTTTTTTTGTTGGCTCTTTGGAGTGGAAGTTGAATGTTGGTTGGTGTTTTTACTGTTACCAATTCATAACAATTTGTCTTGTCTATACAACCCTCAAACGTAACAGTACATAAAACCTTGAAATTAAAAC
,36539,AM857437,0,1.1929086,0.08702989,1.533081,0.12620698,7.6865873,19,3.0185745E-07,0.009611745,36539,430,74,CUST_2433_PI419289827,AM857437.p.cg.6,AM857437,,GCCTTGTTGACCACCCATGTGTTCAATCCTAAAAGTCCTTTATTTATATATATTTACACC,AM857437.p.cg.6,,ATCTCTGCCCGATGTGCAAGATTTAGCAGGTTTCATTGAAAACTCTAATGACAATAATGTGTCAAGTTTAGATGATTTTCTTGCACAATTGTAATTGTTCATCAGTAAAGTTTTTCATTGTTTTCTTTTAAAGCAACTCAATTTTGTCCAAAAGGTACATTGATTTTTCTCGATGTTGTAGATTCTTGATGTTGATTTAATCATTTTGAAAAACGTTTTGTTACATCATGTTATATTGTGATACCAACTCATGTATTTTGTGAGTGCTGCGATTTGATAGACAGCACATTAATATATACACTTTTTACGTGCTAATGCAGTTTTCAGAACTGACATTATGAAGGTCATGTGAATGTTTAAGTTGATTTGTGATTAGTATGTGTACTATCAAATGATCTCATTGAAAGAAAGAAAAAAATATGTACCAATTTAACGTTCTAGCAAGGAGAAATGTCAGTGGTTTACGACATGATAATGTGAGAAAGCCTTGTGGCCTTGTTGACCACCCATGTGTTCAATCCTAAAAGTCCTTTATTTATATATATTTACACCATTGTTTATTTTACAACTGTTAACTCTTGCATTTGTTGAAATATTACATTGTTTTCCAAAACAGAGTTCTGATTTTGTTGTAATTTAATTGAATAATCACAAAAGTTTTATAACAACAGTTAATATTGAATCAAAATTTTAGTCGTACATGGGTGTTATATGGTCAAAAACTGTCTGTCTGAATATTTCTTTTTAATTTTTTGTCTGTCTGA
,37412,CU987512,0,0.5651358,0.1466535,2.3107114,0.41583377,13.713656,13,4.150597E-09,0.00013236671,37412,441,12,CUST_10849_PI419289827,CU987512.p.cg.6,CU987512,,TATGACTTTCCGTTGATCATGCTCCCCCAATTCCCCCGACGATATGTAAGCCTTAAAAAA,CU987512.p.cg.6,,GATTTGAAATTTATTTTGTGAAGATTAAAGAATGACTTATCATAAAGAAACAATGATAGATTAATGAAAATTGAAATTTATTGAACCAAACAAAATCCTAATTTATGTGGACTTGAATAATTAATAAGTTTCCTCTTTCATATGCATTAACTCGTCATTTCCCAAGTTTATTCACTCTTTATTTTGAATTGCAATTTCTTTCAATCTATGCAATATTAGCATATTGCATATTCAGCCATGTGACATGAAAGTTTGCGTTATTTTAGTGATTCATAAGAAATTCATAACTTCTCAGATCTTTTTTTTATCGTTGATATCATCATGCTATAGAAATTCTTTGCCCAGCTTTGTTCTTCTTTTGTTTCATATACTACCATAAGAGCGTTTTCCATGTAAGAACGAGAAAGTCGTTTGTAGCAGAGTGGTTCGCACAACCATTGATTAAATGTGGCATGACTGTTCTCATTTTTTTGTATCTAAAGAAAATCATTGAAATTAAGATGTACGGCTTGCAACTGTTCCCAGGGGCGTAATGAATTGTTTTCTCCGGACAGGCCATTCCGTTCCACCCTCTGAAGCGATGCTATTTATGTTGATATCCCTCAATCACGTGTACTTCGTGACAATAAATTATTTACTGTATGGGGTAAGCTTACCAGTCCTTGGGATAGATAGGCCATGTTGAGAACGCAATTTTCCCCCATCACGTAATGCCCAGTCTTAGTTTTTTTAATGAGCAGACATTTGCCTTCCTTCCGTGTAGCCGTATGACTTTCCGTTGATCATGCTCCCCCAATTCCCCCGACGATATGTAAGCCTTAAAAAAACCACTAAAATTGACCTGCCATGTTGGAATTTGGGGACCCACGGTGCCTTGCCAAAACCTTCCTTGCAATCTTTTGTCCCGTGTTTTTTTCCCTGAAAAAACTAGCCC
,37610,AM862260,0,-0.31843224,0.39465,1.8445134,0.37751296,13.719407,21,5.9356964E-12,1.8940807E-07,37610,443,40,CUST_31613_PI419289827,AM862260.p.cg.6,AM862260,,GATTCGAATTTTGAGGATAGATATCCGGCTGTATATCCTTAATTTTCTACCTCATCATTG,AM862260.p.cg.6,,CGGACCCCCAAACCACGGCTTCCAGAGCGCTTGGTTGGAAATGCTGCAAAGCCTGCGTTGACGTCTGCAACGACGCCCCGTCACGTGATTCGAATTTTGAGGATAGATATCCGGCTGTATATCCTTAATTTTCTACCTCATCATTGAAAAATATTAATAAATTCGTTGTATTATATTCACTTACAAAAATCTTTGCTCGAACTTTGTTCTTAATAGAAATTGTTGCATACATTAATAATAGTTATTACATGTATATGTATAAACTCTTTTGCGCATAACGAATCACCACAGAACTATATACATGTACTTGTTAAAATAAACTAGATATGCAAAGAA
,37623,CU991832,PREDICTED: hypothetical protein [Strongylocentrotus purpuratus],0.510161,0.31586182,1.5762547,0.27237293,8.854553,21,1.5590778E-08,0.00049703405,37623,443,53,CUST_25954_PI419289827,CU991832.p.cg.6,CU991832,PREDICTED: hypothetical protein [Strongylocentrotus purpuratus],CTTGCACATAGATTTGTTAATCACTGGTTGGTGTCAGATCTGTGACTTTATGTTCATAAC,CU991832.p.cg.6,,TTCCAAGTCGGCTCTGTGGCTTGGAAGTGGTGCTGGCAGGGGGCCACTCGAGCTCACCAATGTCTTTCAGAATGTGTTGGGCGTAGATTATGCAGCCAGATTTATTGATGCAGCTCAAAAACTTAAGAATGGCAAAGCTCTCTCTTACAAAGCTGGCAATGGAGAGCAGAAAACAGCAGTCATGTCTGGGGACTACCAGCCTGATAGGGCAATATTCAAACAGTTGACATGGATACCCAATGAAATCTGTGATCACGATATGACCATTGTGACCTTTATGGAGAGGACAATGAATGCCAAAGCATGGCTTGCCCGACTATGGGAAGTGACTGTAAAATCAGGACTGGTTGTGATAGTGTCCGAGACAAAGGAGTGGAATAAAGACAATCTAGCTCAGTACTTTGGAAACAACCTTCTGTTTAAAGAAGCACAGGATCTGAAGTACACTTCAAAGAAAGGGGAGGAAACTCTCCAGATCACTGCCTGGGCTCGCAAATAAAACATCAATCCCTGATGTTTGAACTTTTTGTATGAATTGTAATTGTTGTTTACATTATTTGTTTTTCTGTTTATCCCAAGTTTCAGAGACTTTTCTTGTTGATGTTTTGAGACAGACTTTACCATGAATTATTTTTTTTATTGTTTTTGAAGAATGTTTTATGCTCATGTATATACATATTTAAACAATTTTTCATGGAACTTTTTTCCAATATTATTACTTGCACATAGATTTGTTAATCACTGGTTGGTGTCAGATCTGTGACTTTATGTTCATAACTTTACATTGTATTAATATAAAAATTAAAATAAGTTCTCACT
,37647,CU998657,0,0.05686568,0.19330545,0.8533444,0.2733734,8.24066,19,1.07613644E-07,0.0034283556,37647,443,77,CUST_30027_PI419289827,CU998657.p.cg.6,CU998657,,CAAAAATGATGAAGTCGAAATCAAGAAGGAAGATGAGGCTGAAGTGGGGTCCGTAAAGTC,CU998657.p.cg.6,,CACATGTACAGAATGGAGGAACTTCTTGTGTCTCTTATCGTCTGCGTTCTGGTTCAAGGTACCTCGGGTCGAGCTCTCCAGCATGCAGAACACACAGAGGAGTTCCACTCAGCTTATGCTGTATTTGGCCTGATGGGGGCAGCGCTGGTCATCCTCGCCGTAATTCTGTGTGTAGATGTCCCCCAAGACAACGACGTACACTACACAAATAGCGTAGCTTTAAACACGGTGAAAAAAGAGGAGAAGGTGAAAAAGGAAAAGAAGAAAAAGAAAGTTCATAAAAAGATTCATCGCACGAAAAGCACTGGAAGTATTATCTCCTCTATCATTAACAGTTGGGCTAGCACATCTGATTCGGATAGTGACCACGAAAAAGAAGACAGAGAGGCTGGCGCTTTCACGGTTGAAGTAGAATCAGTTAACCTTAGCGAGAAAGACACAGAAAATCAAACCAAAAATGATGAAGTCGAAATCAAGAAGGAAGATGAGGCTGAAGTGGGGTCCGTAAAGTCGAACGGATCAGCCTGTGAACACGACG
,37891,EW779447,(sp:Q9XSK2) CD63 antigen OS=Bos taurus GN=CD63 PE=2 SV=4,0.07021643,0.12296536,2.1246703,0.44589248,15.38652,12,2.904354E-09,9.263147E-05,37891,446,66,CUST_26732_PI419289827,EW779447.p.cg.6,EW779447,(sp:Q9XSK2) CD63 antigen OS=Bos taurus GN=CD63 PE=2 SV=4,CTGTACAATTGCTCTTTGTTAAATGGTTCCCCCGTTTGTGGATATTAACAATAATGAGAA,EW779447.p.cg.6,,TACTATTGAAACAGTTACCATTAAATTATAGCGTAACACTATATGGTTAAATGTGGAATTGTGACCCTGATCGGTGAAATGCACAACAACGTTATCTCTAACTTTCTTATTTCTAGCCTAGGATATAAAAATTATATGTAGTGTGGCATGCAGATTCACACAGCCTCATATACATGTAATTGTAGCTTATTGATATCTTTAATAGTACCATAACCACGCACACACGAACATGATACTAGAACAGGAACAACTCAAATCTATCTTTAAATTGTATATTGAAATTTCAAATTCGTAAGTTGATCCCCATTTGAACTCTGGTTATGCTTACATACGAATTAAATAAAAAGGAAAGAAATTAGATTGGTACTTTATTTTGCAGTTTGACTGTTGTGGTGCAAGGAACTTTTCAGACTACAAGGAATCAAAACTTAACAACGGAACAACTACACCCTCCACATGGATAGTTCCGAGTAGTTGTTGTAAAACAGAAAACACAGTTCAGTGCTACAGTGAGGCCAGAAATCTGGGGCCTACGTATACAGAAATTAGGAGTCGGAGCTGCTTTGACAACATTATTGACTTTCTATATGAGAATGTGGTTATTTTAATATCAGTGGCTGTGGGCGTTGCCGTGGCAGAGATCCTAGGAGTAATTTGTGCCGTCATACTATGTCAAAACAGAACGGAATACTGGGATTGGGACTGAGACTTCCGGTCACTGACGAGTTTTCGTCGGAATAGCTTCAGATGATATGTCTCAATATGTTGTGTAGAGGCAATTCGTATCTCGTATGTGGGACCACTACAAAAACTAGTCTAATGTTTATTTATGTTTCTATATTAATCATGCGACATAGTGACGTCATTAATTGTACTGTTTGGGGATTAGACGTGATACTAAGTATTTTAGTTCGAAATATAAGTTACGTATTTTCTCTATTTGCAGTTTTCATGCAGGGAAATCATTATCAATATTCAAACAATATTTTGAATTTTTTTTAAATATTATCATTAACTGATTATGCAAAATAATGATATATCATCTATTGAATTAGGGAATAAATTATATCCATCAAGTGTTCAAAAGTAACTGGCGTTATTTTCAATAGGACCCAAGTCTTTCATTTTCATGTTTTTAAAAAAAAATATTTATAACGCACATTGTTTCTATGGTGCACATAACATTTATGATTACGTTATTCTGAATACTGCATCACCATAACGGCTATGATTCCTTATCAATTTCTTGACAACCCCTTCTGTACAATTGCTCTTTGTTAAATGGTTCCCCCGTTTGTGGATATTAACAATAATGAGAAAAAAATTAAAAAACTTTTAAATTAT
,38619,CU681768,0,0.21655603,0.21042858,2.2241137,0.60480106,10.860068,13,6.852137E-08,0.0021832965,38619,455,29,CUST_8019_PI419289827,CU681768.p.cg.6,CU681768,,CGGCTTATTCTTCCAAGAAGCGTTTGCGTTGGAAACATAGTCTTGTAATAATTAAATTAG,CU681768.p.cg.6,,ACAACCTTTGGTGGTGATACGAGGACTTGTGAGATGTAAATAAAGACAGTCCTTACTGGCGGCTTATTCTTCCAAGAAGCGTTTGCGTTGGAAACATAGTCTTGTAATAATTAAATTAGACATTTGCATTATTTTTACAAGTTTTATCAGGTTATGTAATTGTATTTTTTTTATAACGAATAAAATGTGCATGCAGCAGTGAAAATTCC
,38965,EF219428,hypothetical protein BRAFLDRAFT_118409 [Branchiostoma floridae],1.9785997,0.53495985,0.46849206,0.4295105,7.6250777,21,1.762253E-07,0.0056124236,38965,459,35,CUST_24586_PI419289827,EF219428.p.cg.6,EF219428,hypothetical protein BRAFLDRAFT_118409 [Branchiostoma floridae],GACGTGCAAGTTTTTGGAGGTTAATTAGACTCTGTTAACCAAGAGCATATACTTTGCTTT,EF219428.p.cg.6,,ATGCTCGTGGACTGGTTGTCTGTGCTCTTCGGGGCGCTCTGTGTCTATTTACAGACCAGTATAAGCGATGGAGCGTTGCCAAACAAAAGGCAAATGGATCAACTGATCAAAGGAGTGAAATGGAACTGGGAGCACCAGAAAACTTATGCAGTAGTGAAATCTGGATCAGGATATATTGATGTTGACGTCGTTTCTAAATATAGACTAGATGGACGATCGAAACTACCTACAACTAAGCCACCCCGACCGCCAACTAAGAAAACAGTTAAACCACCACGACCGCCAACTAACAAAAATCCACCAAAACCGCCACCAAGACCGACAACCAATAAAAATAAAAAAATTAATCCACGACCGCCCACTCAAGTCGGTGGTTCTAAAAATCTTGCATTGGGAAAAAAGACATATATGAGCAGTGTTTATGGCAGATTCGGAGGACAATATTGTGTCAACGGAAATACAAAAGATTTTTGTCACAGCCGTTACCAGAGCAACCCATGGCTTCGAATTGATCTTGGAGCTGTTAACAACGTTGACAAAGTGGTCATCTATAACCGGAAGGCTCAGGGAGGACGTTTTAGGAATGCATTCATACATGTTGGAGTATCATTAAATAGACTGAGGAAATGTGGGTATTTCAGAGGACCCGGAAGAAACGGTCAAAAGATAACGATCAAGTGTCCTGGTGGAATGAAAGGACGTTTTATTCAAATACAAGTCAGGGCGAAAACATATTTACACCTTCAAGACGTGCAAGTTTTTGGAAACCCTGGTGCTAAGGTCGGTGGTTCTAAAAATCTTGCATTGGGAAAAAAGACTTATATGAGCAGTGTTTATGGCAGTTTCGGAGGACACTATTGTGTCAACGGAAATACAAAAGATTTTTGTCACACTCGTACCCAGAGGAACCCATGGCTTCGAATTGATCTTGGAGCTGTTAACAACGTTGACAAAGTGGTCATCTATAACCGGAACGTTCAGGGAGGACGTTTTAGGAATGCATTCATACATGTTGGAGTATCAATAAATAGACTGAGGAAATGTGGGTATTTCAGAGGACCCGGAAAAAACAGTCAAAAGATAACAATCAAGTGTCCTGGTGGAATGAAAGGACGTTTTATTCAAATACAAGCCAGGGCGAACACAATTTTACAACTTGCCGACGTGCAAGTTTTTGGAAACCCTGGTGCTAAGGTCGGTGGTTCTAAAAATCTTGCATTGGGAAAAAAGACATATATGAGCAGTGTTTATGGCAGTTTCGGAGGACACTATTGTGTCAACGGAAATACAAAAGATTTTTGTCACACCCGTACCCAGAGGAACCCATGGCTTCGAATTGATCTTGGAGCTGTTAACAACGTTGACAAAGTGGTCATCTATAACCGGAACGATCGGGGAGGACGTTTTAGGAATGCATTCATACATGTTGGAGTATCAATAAATAGACTGAGGAAATGTGGGTATTTCAGAGGACCCGGAAAAAACAGTCAAAAGATAACAATCAAGTGTCCTGGTGGAATGAAAGGACGTTTTATTCAAATACAAGCCAGGGCGAACACAATTTTACAACTTGCCGACGTGCAAGTTTTTGGAAACCCTGGTGCTAAGGTCGGTGGTTCTAAAAATCTTGCATTGGGAAAAAAGACATATATGAGCAGTGTTTATGGCAGTTTCAGAGGACACTATTGTGTCAACGGAAATACAAAAGATTTTTGTCACACCCGTACCCAGAGGAACCCATGGCTTCGAATTGATCTTGGAGCTGTTAACAACGTTGACAAAGTGGTCATCTATAACCGGAACGTTCAGGGAGGACGTTTTAGGAATGCATTCATACATGTTGGAGTATCAATAAATAGACTGAGGAAATGTGGGTATTTCAGAGGACCCGGAAAAAACAGTCAAAAGATAACAATCAAGTGTCCTGGTGGAATGAAAGGACGTTTTATTCAAATACAAGCCAGGGCGAAAACAATTTTACAACTTGCCGACGTGCAAGTTTTTGGAGGTTAATTAGACTCTGTTAACCAAGAGCATATACTTTGCTTT
,39471,AM868901,0,-0.75590634,0.34318888,0.42947373,0.3288623,8.638976,21,2.3512625E-08,0.0007494884,39471,465,31,CUST_7019_PI419289827,AM868901.p.cg.6,AM868901,,AAATTTGAAAGACAGTGTGCAATAGTGCAGCGATTTTTGGACGCAGAGAAAAGTTCTTCT,AM868901.p.cg.6,,ACGTGACTCCATACCACGTGGAACTGCAGGTGTTACGACTTTTTCAAGAGCTCATCTTGGATGTTTTGGATATCGTTTGGCTATGGCTGTGGACGACAACGTTAACCATGTTACCTTTTCGAACAGAATCGGAGTTTACCGGAAATTACATTTCTGCGCAGTGTGCGGAAAGGCGTACAGTAGAAAGATAGAACTGGATATGCATCAATTCTGTCACTCTGTTCCTCTCGCTGCCCCCGAAAATCTCTTGCGCGGTAACTTGGGGGATCTTATGACGCAGTGTCCATGTTGCTTCAAAGCATTTTGCAGACGACAGGATCTGATGTGTCACATGGATAATGGAGAGAGATGTGTCAAAATTGAATCGGAATCGTCGATTGCGATAAACCTACAGAAACAGAGAATGGGTCAAAGTTCCAGAAAAGTGAAAAGGTATATGAGTAAGCCAAGAGAAGACAGACATGTGAAATATAATGATAGATCTAGACGATTTGGAGAACTCATCACAACTCAATATTATGGACCAGTTACAAAATTTGAAAGACAGTGTGCAATAGTGCAGCGATTTTTGGACGCAGAGAAAAGTTCTTCTTTA
,39536,CU987950,0,-0.3272983,0.09020297,1.7415038,0.46670344,15.076644,11,1.08011555E-08,0.00034438403,39536,466,11,CUST_11110_PI419289827,CU987950.p.cg.6,CU987950,,ACATTTGGTTTAGTTTTAAAAAGATTTGGAAGGTTCCCCCGGGATGACCGGAGGAAAACT,CU987950.p.cg.6,,GAACAGAACGACAATTTGAGGTCAACTCCAGGGGCGGAGGTGAGCCTTCATCTGCAGGCTCAAATGAAACAGATGAAGCTAAGAAACTGGACGAAGCAGCTGCATTACCTCCGAAAGAACCATCCACAACGGAAACGGATGCCGCAATAGCGGCTGCAATGGCCGCCACTGTTAATGGTGCAGAGATCGAGATCGACGAGGATTTATTCGGTGGTGATGACATTGATGATGTAGAGGACGAGTTGGAAACTCTAGATTTAGTGGACGATTAGAGTATATGTACCCCTCCCAAGATTAAACCTCAAAAAAACTTTCCAAAACGGCCAAGATTAGGAAAAATTGTTGTGATTGTGATGAAAAAAAAAAATAATTAATGGAATATTGCAGAGATCTGGCTTTGGTATTTTGACTGAAATAATGTTTTTGGTCATGTTACTCTAGGAAATTCTATTTTGATTAGAAAAGAAGCAAATTGCATTTATTTATCAAATTTATGTTGGAAAGTGTCTCGTCATATGTTAAGAAGCACTGACAAACAATATGAATGACTGTATATGTACCAGTTTCTTGTGTTTTGATAAAAGTAAATGTTTCAATAAATAGCTAGGATATTTCATTTAATGTGAATTGCCTTCTTGTACAAAGATATTTTTCGGGTAATTTATACAGATATTTATTGAAAAAGAGACAAATATGAGATGTATTTCTTAGTTTATGACTAANAAAAACATATTTTGAAAGAACTACTCAAAAGTACCTCATTTGATAATTTTTGGTCAAATTTTATCGTTATACATTTGATTTTAAAGAGGTGATTGATTCAACTGCCGTAAAATAATGATAAAGCATATTTTCGTTTGGTGTTTTGTATGAAAATAACAGGTCTGGGATATATGTCTGTTTAAAATATGGGGTATTTTGTATTATCCTGTGAAAAAAGGGACAAAGGAGTTTCCCCACTTTTAACCGGGGGAAAACATTTGGTTTAGTTTTAAAAAGATTTGGAAGGTTCCCCCGGGATGACCGGAGGAAAACTTTT
,39731,AM867243,0,1.0565566,0.15073872,1.6767753,0.20846653,8.351619,20,5.9596285E-08,0.0018991549,39731,468,36,CUST_6332_PI419289827,AM867243.p.cg.6,AM867243,,CATACACAAAACACACATACATACATACGCTATTGATGGCATGGGTAAGAAATCATTTCT,AM867243.p.cg.6,,TTGAATGTCAGCATCTGTAATGCGTAATAAGAAGTAGGCTTGAAGCTTATACTGAAGTGCATCTACTTATTTATAATTAGAGCTACCAAGTTTTAGCTCTGACAGTTTTCAAACAATGAACAAATTTACATTTCAACAAGAAACAAAAGCTACTTTGATTCTGTGTTGTTTTGTCTTAATACAGGCAAATTTCATTTTTTGACAAAATATTCATTGATTCAAGTATATTACAGTATATACATGTAAACTTAAAAGATATTTCATGACATGAAGTTTTAACATTCATTTTTGACAATTTTAGTATCAAATTATACACAAGTTGTTTGTATAATTAAGCTTTACAGTACTTATAACAATTTATAAATTCCTGTGCTAGACATGTACTTTGTAGCTTTTGTACTTTTGTATCTCTTTGTGATGTTTATTTCGTTTACATTCCCTACCAAATTGTTAGATTTTGTGTTGTAAATATGGACATCTCAGATGTATACCTCACTGTGTATGTTGTGCTATATAATGTAACATTTACATGTGGTTGCTGGTTCATCCTAGTGCATTAACTCATACACAAAACACACATACATACATACGCTATTGATGGCATGGGTAAGAAATCATTTCTAANAT
,40277,FP010320,0,0.4116659,0.276804,1.6579599,0.2690605,11.1840105,21,2.638021E-10,8.416078E-06,40277,474,72,CUST_23675_PI419289827,FP010320.p.cg.6,FP010320,,TTTGTCAGAGGAGACAACTGTTGCCTGAACAAATTTTCACTGTAATAAACCAGTGTACTT,FP010320.p.cg.6,,GGGGAGGTTTTTGTACAAGAGATTAAAAGAGATCAACAAGAGCTCTCACTTCAACAAAACCATCATCTTGAAGATGGCTAGAACTGTGTGTATACTCATCCCACTGTTCGGCGTCCCCGATATCATTTTTGTTTTCCTGTCATTTTGGTTTGATGTTGAATACCTGTATGCTGAAATGCTTTTTAATTCACTACAGGGGTGTATGTTATCATCAACATTTTGTTTGACAGAAAAGAAGGTAGTCCAAGAGTTCTGGAAGTTTATATATCGCTGTAAAAAGACAGAACAAAACAAAACTGGGTGTCGGCGGGCCTCGCAGCCATCTTTGTCAGAGGAGACAACTGTTGCCTGAACAAATTTTCACTGTAATAAACCAGTGTACTTTAG
,40719,CX068843,0,0.26063627,0.19408599,2.2605207,0.4509197,14.112009,14,1.137904E-09,3.6298E-05,40719,480,4,CUST_30372_PI419289827,CX068843.p.cg.6,CX068843,,CAGGCTTTTGAGTTATCTCCCCTCTAACACTGTTGTTTAATATGTAACTTTTTGTTGTTG,CX068843.p.cg.6,,CAGCGTCGAGGCAATCTTTGCCAAGTACCTAGCACCAGGACAACAGCAAGAGTTCCGACACATTATAAATTTCCTGACTTCCCCTCACCCCACACCCTTCCCTCCCTCACCTTACCCCAGCGGCTCACCTACAACAGATTGGAACACCATAAGGATTAAAGTTCAGGAAAGCCAGAGCTACCTGAAAAGATTACTGTACATGTTGGAANTCATCCACCGGAAGTCCAGACGACATGAAAAAGCTTGTGACGGAAGCAGTGACCCGACTGGACAGGCTTTTGAGTTATCTCCCCTCTAACACTGTTGTTTAATATGTAACTTTTTGTTGTTGTTTTTTTGGT
,41775,AM856136,(sp:P47727) Carbonyl reductase [NADPH] 1 OS=Rattus norvegicus GN=Cbr1 PE=1 SV=2,1.1699675,0.096248224,1.5424255,0.12327277,8.249746,20,7.226098E-08,0.0023023793,41775,492,40,CUST_1801_PI419289827,AM856136.p.cg.6,AM856136,(sp:P47727) Carbonyl reductase [NADPH] 1 OS=Rattus norvegicus GN=Cbr1 PE=1 SV=2,TTGTTGATTTTCGTGATATTGGAGTGCATCGCATTAGATTTCCCACGTTATAATAGATTC,AM856136.p.cg.6,,TTTCATTCAGCAGCGAAAAATGGCGAGCGTGAGAAGAAAGGTTACCCCAGCAGTGCTTATAGCATGTCTAAAGTTGGGATCAGTGTCCTCACGCATATCCAACAACGCCAGCTTTCTGCTGATTCTAGAGAAGACATCATTGTTAACTCTTGCTGTCCAGGGTATGTAGATACGGATATGTCATCCCACAAAGGTCCGAAAACCATCGACGAGGGGGCAGATACACCCATTTATCTGGCTCTCCTACCCGAAGGCACTAAGAGTCCTGCTGGAGATTTTGTCGCTGATCGCAAAGTTTATAAGTTCAATGAATATGAATATAAAATGTAATTGATATATGTATGTCACATAAATAGCGTATTCGATCCCATGTTTACATGCCATATCTAAAACATTTGTTGATTTTCGTGATATTGGAGTGCATCGCATTAGATTTCCCACGTTATAATAGATTCATCAAGGTTAACGTATTCTATTGTGAAGATGAATATATCAATATGCTCTTTACACTAATAAGAAATAGTTACTGCATTTTGCTGCATAATCTTTGTAATTTGTGAGAATATTCGTAATTTCCATTAAAATTTCTGAGAAGTACTGTATGGTTTTTTTCTGTATATGATGCTCAACATCGGTCTTATTATAAATTATAAAATGTTACGTTGGATATGATAGCGGATTTGTTGATACTATCCATTTTTTATAAGGGCGTTTTGTTTACTGCTTTTAAGGTGGTATGAGACATCTACATATTGTGGCGTACTTTTTATCGAAATAACCAATCAA
,42105,AM868529,0,0.0727861,0.21901496,0.75153416,0.1527556,8.805396,19,3.918838E-08,0.001249012,42105,496,30,CUST_6863_PI419289827,AM868529.p.cg.6,AM868529,,AAGTATGGAGATCAGTTTTTCAGGTAGCAGATGTGATGTACGTCCAGCATGAAATTTTTT,AM868529.p.cg.6,,ATGATAAACTATGAGACAATCAAAACTTTGTGCCATACTTATGACGTATAATACTGTATAGGTAGTGCTAAGCATTTTTCATAAGTTTGTTATTGTTTTTTAGTTTATTATCATGTTTTATTCTAAATCCTTTTAAATTACGGCAGAATTACAAATGTACTATAACAACTATAGTTTCATATCTCAAATAGCAATAAATTTATTGAAAATTGAGATGTGCTTAAAATATTAAGGAGGCGAAGTGGTCAACATATTAGCGATCAGATCTAGCTAACTTTTTAGATATGAATTTTAAAGCTATGAACTATCATATTATTAAGTTAAAAAAAATAGTTTATTTTTAAATTGAAAATTTCCCTATATCTTGATACAAATCTCCTTTTTTAAGGAGATTAATATAGTCCTAAAAATGGTCAGGACCATCCAGCCTCCTTAAAGTATGGAGATCAGTTTTTCAGGTAGCAGATGTGATGTACGTCCAGCATGAAATTTTTTTAGGAGATTTACATAATATTTCAATTGTCTCAAACCCTGNTAAATGCTCAGTTTTTAGTTATATCGTTGATATAATGATTTTTGTTTTAATGCTGTTTTGACTAAATTAAAGTTTCAATAATAAATTCAGAAAAGTCATCTCTAGATGA
Females,42167,CU993108,(sp:Q28GV1) Condensin-2 complex subunit H2 OS=Xenopus tropicalis GN=ncaph2 PE=2 SV=1,-1.2914873,0.26413363,-0.3381708,0.32394356,7.9008503,21,1.0052087E-07,0.0032024945,42167,497,7,CUST_14180_PI419289827,CU993108.p.cg.6,CU993108,(sp:Q28GV1) Condensin-2 complex subunit H2 OS=Xenopus tropicalis GN=ncaph2 PE=2 SV=1,CTGGAGGATTGGGTGGATGGAACCTTCCACCCCAAAACATAAAAGTTTGGCTTTTAATTT,CU993108.p.cg.6,,GGATATACAAACATGGAGAAATGTCAACAATACTAAATGGAAAGTCACCTGTATTGAATTAGATTGAAGTGGCAGTATTTACCATCAGATTATGGGGTTATCAAATATGCAAGACGATTTGGAATCGAGGTTTGCTAATTTACTGCAGCCTATCCGAGACCTGACTAATAACTGGGATGTAGACGTAGCATCATCTCTAGAGGACTATCTAGAAGAACTTGACGAGATAGTGGTAACATTCGATGGCGGGATAACCACCATGAATTTTGCTGAAGCTGCCATGCTAATTCCAGGCTCTGTTTGTGTTTTTGGCAAAAAGGTGGAATATCTATATTCTTTGGTTTATCAACTTTTGGACTTGCTGGCAAGTAAAAAAAAACATGAACAAACAGTCCTCTGTTAATAACAATGGACATGATGAGGATGCACCTGATTTTGACAGAAATGAACATGAACAGTTTCTGAGCCTAGATGATATCCTACAGCACAAGAAAATTGTCCTGAAGGAAGATGAATATGGAAACAAGAATGTGATGCCTGTTCCTTAGAAGCCTCTCTCCCTGACTCCTTTAGAGGAAGGAGAATTAGGAGATGACACTTTGTTAAGTAAGAATGGAGAGGTTGTGGCCATCACGAATGACTTTAATATGAACACCTGTTCTATCCATGAGACTGGCACACTCGTACTGGACATGTCTTTCATGGCACATCTGACCAAGGCTCTGGCAGACTGTGTATCTATACCAGGTGCATCCTTGGACACCATACAGGGAAGACAGTGCTGAACAGTCGACACAGGGAATGATGGCGAGAGACTAAGTAAACGATTTGGGAACCGAGACCTGCTAAACCACAAATCTCTCATTGGGAAAGCATGCTGATTAAGAAAACCCTCTGACCCTGTCCCCCTGGAGGATTGGGTGGATGGAACCTTCCACCCCAAAACATAAAAGTTTGGCTTTTAATTT
,43030,AM860516,0,0.43892935,0.07857969,0.81721085,0.09512972,10.620261,21,6.6856143E-10,2.1327778E-05,43030,507,20,CUST_28976_PI419289827,AM860516.p.cg.6,AM860516,,AGCTCTATAGACAATGGCAATCCAAATTCATCTTTTGTGCAGTCCTCAATGGCTGTCACC,AM860516.p.cg.6,,GAAGCAAAAATCCTCCCATGCTTTTCTAAAACAGTTCTTTTTTCGACGAGGAAAGAAGACCAGAAAATCCAGAAGACACAGATGCTCTCTTCACACTCTGCTGACATTCGACATTGTAACAACTGATTAGAGGGATTTGTAAAAAGCACCGTCAACAAGAAATTGGGTCATTTCCACAGATAATGGAGAGAGCCCAGCGATTTCTAGTGGTCTCCCATTTCTGTCGTCGTCGGTAATGGGTGATGTGTGTGGACCGGAAGCCACGTATATAACCAATGAGACATTCCATACTCCAAGTTTTGATGACGATTTTGACATCACACCTTTGAACTCCCTTCCAGTATCTAACAGTGTGTCGCACGCCTTACCGCAGGTCCAGACCAGCTACTCACAGCATTCCTACCCTCAGTTTGTCTCCCATCAATATCATCCCTACTCACAGCATCATCACACCCCAGTCACCAGTGTTGCCCCTTTGAGTACAACACCGATATTTCCCCCTCAGAACTTTGATATTCCTGACATTTCCCTCACAAACAATTTTGACCCCTTAGTGAATTCTCTGACGTCTATGGCCATGATGACCAGCTCTATAGACAATGGCAATCCAAATTCATCTTTTGTGCAGTCCTCAATGGCTGTCACCGCCCCTACATGGCCAACAATGCTGCT
,43740,AM857075,(sp:Q17RR3) Pancreatic lipase-related protein 3 OS=Homo sapiens GN=PNLIPRP3 PE=2 SV=2,0.38130215,0.15787622,2.3422325,0.35316658,17.559504,15,2.0607294E-11,6.575169E-07,43740,515,50,CUST_2261_PI419289827,AM857075.p.cg.6,AM857075,(sp:Q17RR3) Pancreatic lipase-related protein 3 OS=Homo sapiens GN=PNLIPRP3 PE=2 SV=2,TGCCGCGCCTTATTGCAAAAACTAATGATTGCATATATGTATCTGGTGCTCCATTGTTTA,AM857075.p.cg.6,,GACAATTTTTGACATGTTCAAAATTCCACTACGGACGAAACCACCGTAGTACTTCCTTAGAAAAACTTACTAAACCGTTTTAGAACGTAGAAGTCCGTTTTAACTCCGTATAAATCCTTAGTAAATCTTATCGCCAGCAATGTTGGCTGCAGCCACTCCAGGGCTATCCACTTTTTCATCGAGTCCATTAACACGTCCTGTAAATTCACGGCGGTTCCCTGTAAATCCTACTTGAGCTTCTACACCGGAACCTGTGATAATTCATGCAAGAACGGCTGCAACAGAATGGGCTACCATGCTAGCAAAACGGCAACTGGGAATTTTTACTTGAAAACAAATGCTGCCGCGCCTTATTGCAAAAACTAATGATTGCATATATGTATCTGGTGCTCCATTGTTTAATAAAACATGAAACAATT
,43883,AM865152,0,-0.54735315,0.12121188,1.2662762,0.4362284,13.876356,12,9.435689E-09,0.00030086635,43883,517,23,CUST_25829_PI419289827,AM865152.p.cg.6,AM865152,,GAAACATTATGGCCAGTCTACAGGGGTTTCCGAGGTCCCAGAATTTATCGCAGATGATAA,AM865152.p.cg.6,,CCAATTCTTGTGTTCGGTATATTTAAGGATTGTGCCTCTTCCCATAAATCGCACGTGAACCGAGACGTTCCATACGATGAGCTGATAGACAGAATTCAGCGTTACCTGGCTCTGCGTCAGAATGACATAGCGGCGCCCAGCACCAGAACTCCTGACGCTACACCCTCCCCGGGTCCCAAACCCTCCCCAGGACCCACGCCTTCCCCGGGAACCAATGCCGCCGGGAGTAAGTCGTCACGACCGGATACTACTCGCGCACCCCCCGGCACTCCACTCGCCCCGTCAACACAATACCCTTACATCATGAATGGTAGCTTCCCAGCGACACCTCCCTCTGGACCCAGTGTTGGACCGTTCCGTGGAAACTTTAGCTTGGATACAAACCTCCATTGTCCCATTCTGACGGAACTTCTCATGAGGCGCGTCGTCAAGTTCCCACGAACAGATGATATGACGGATTCTATTACTGTTTACCCGGAGAAGTTTCGTCCCTTGTTGAGAACCGCCATCAAACTCCTGTCCTTTGCTAAAGACCCGGATGTCGCAGCTCTTTTCCTGCTCAGAAGATTTACACGGGATGTCATGGAATCACGGCTAAGATGTGGCACGGCTAAATACCAGCAGGTCCTCATTTACGCCATCATCCAGGAAATGAAGATGCTGTTACAGAATAACTCGGTGGCTGGAAACATTATGGCCAGTCTACAGGGGTTTCCGAGGTCCCAGAATTTATCGCAGATGATAATGT
